_id/$oid,ID,StopWorkType,ResignReasonID,DateStop,Status,ProfileID,JobTitleID,PositionID,OrgStructureID,StoredDocuments,DateQuitSign,ContractTypeID,SortID
5f056710dc89b7165c352462,d1c06d01-b9cf-4e78-a5c5-0018dfb3cee3,E_STOP,d9db3253-85f3-4b54-b2e2-02afcafb9ccf,2014-10-20 00:00:00,E_APPROVED,a5849c01-0776-4ade-ac81-8e78d7cf2d14,1a58745e-0d1c-4bbb-b3e3-3e0b62f3223e,d67c6bda-49aa-4db9-a2c0-69d884506392,cf01ad24-6fa0-425e-adca-004b367eec31,,,,43510
5f056710dc89b7165c352463,561c15c7-ffe3-4e4e-86ed-013a73c83ebe,E_STOP,8b545eda-6ec6-46e1-a0c4-82a7c808f0c0,2016-08-30 00:00:00,E_APPROVED,3177d503-0d7b-4ef2-ad70-1ce5accc7536,1a58745e-0d1c-4bbb-b3e3-3e0b62f3223e,d67c6bda-49aa-4db9-a2c0-69d884506392,cf01ad24-6fa0-425e-adca-004b367eec31,,2016-08-30 00:00:00,,36331
5f056710dc89b7165c352464,29d49cd7-02c8-4cf5-96f9-020c1bd84d77,E_STOP,b629bf20-4e11-4181-beff-333447233f0b,2018-08-03 00:00:00,E_APPROVED,22796418-659c-4514-a373-b53b8b86541e,1a58745e-0d1c-4bbb-b3e3-3e0b62f3223e,d67c6bda-49aa-4db9-a2c0-69d884506392,6fdeee1b-4bab-4155-95a9-005b5669eeae,,,,64418
5f056710dc89b7165c352465,fc3accb8-8d60-4c43-88d7-037d4f6e196b,E_STOP,d9db3253-85f3-4b54-b2e2-02afcafb9ccf,2016-12-15 00:00:00,E_APPROVED,1b284eff-a5ee-467a-9bde-95b3286c1def,1a58745e-0d1c-4bbb-b3e3-3e0b62f3223e,d67c6bda-49aa-4db9-a2c0-69d884506392,cf01ad24-6fa0-425e-adca-004b367eec31,,,,51494
5f056710dc89b7165c352466,3fbe77f7-260f-40ab-a56c-0476c91aa058,E_STOP,d9db3253-85f3-4b54-b2e2-02afcafb9ccf,2020-02-05 00:00:00,E_APPROVED,b3580e02-b5b7-4935-90d3-8af2ffdfd919,,,85b54972-10dc-4660-a518-00b6b840020a,,,,78182
5f056710dc89b7165c352467,9325537f-61aa-4c19-8e20-08b926ec6e4c,E_STOP,d9db3253-85f3-4b54-b2e2-02afcafb9ccf,2019-10-01 00:00:00,E_APPROVED,3a4441c9-56f6-45fc-9841-dbad47fb018d,,,85b54972-10dc-4660-a518-00b6b840020a,,,81e808f3-5e36-48d4-a5e1-83a86628abc6,76309
5f056710dc89b7165c352468,d6e7c639-5f3c-438c-b7f6-0cc1318cf8c0,E_STOP,b629bf20-4e11-4181-beff-333447233f0b,2018-06-01 00:00:00,E_APPROVED,35a82e1b-adf0-4193-8cbc-39752191d98d,45ef72c6-d285-4aea-83bd-8139c21623b0,d67c6bda-49aa-4db9-a2c0-69d884506392,6fdeee1b-4bab-4155-95a9-005b5669eeae,,,,63386
5f056710dc89b7165c352469,d76610da-d171-4bf5-b170-0d3e2d035748,E_STOP,,2017-11-24 00:00:00,E_APPROVED,d25cf552-3bf2-4c93-9620-000acb4ff268,c29e3fff-fb13-43d7-a82e-039548918c09,,c13d45da-1956-439b-bd84-00c54ce3fa7b,,,,58114
5f056710dc89b7165c35246a,42cf7d8b-3f0e-4405-a69b-0d603ffd4543,E_STOP,d9db3253-85f3-4b54-b2e2-02afcafb9ccf,2018-04-09 00:00:00,E_APPROVED,f0a29e0d-ae38-4b3f-9f81-7c68c39e7b6e,e19b93ea-ea6b-46fa-80b5-2a594178f59f,d67c6bda-49aa-4db9-a2c0-69d884506392,36c2f61f-307c-4a51-a150-0022d957f0d3,,,,60882
5f056710dc89b7165c35246b,ad14be10-7023-4b16-89e2-0e5398b58426,E_STOP,d9db3253-85f3-4b54-b2e2-02afcafb9ccf,2017-04-17 00:00:00,E_APPROVED,280e1ede-47ea-48c8-aa01-6b078dea92e2,e19b93ea-ea6b-46fa-80b5-2a594178f59f,d67c6bda-49aa-4db9-a2c0-69d884506392,cf01ad24-6fa0-425e-adca-004b367eec31,,,,53893
5f056710dc89b7165c35246c,37e77ee3-2762-4046-bbef-127046dac638,E_STOP,d9db3253-85f3-4b54-b2e2-02afcafb9ccf,2016-12-17 00:00:00,E_APPROVED,58d31ac7-7ec6-469d-b015-57703b5a5b3c,1a58745e-0d1c-4bbb-b3e3-3e0b62f3223e,d67c6bda-49aa-4db9-a2c0-69d884506392,cf01ad24-6fa0-425e-adca-004b367eec31,,,,51528
5f056710dc89b7165c35246d,eb8a2287-61b4-40bf-82c7-12a070581b85,E_STOP,31b31dc0-7ef4-4e05-bd9a-b1ffffc32606,2020-05-07 00:00:00,E_APPROVED,75dac46b-c8a5-4ae3-8765-47ddfe864aa3,,,6fdeee1b-4bab-4155-95a9-005b5669eeae,,2020-05-07 09:30:40,28906e07-c67c-4d6d-b809-1cc6e62d9938,81238
5f056710dc89b7165c35246e,c8884cdf-6501-421a-b7d2-12af21168c04,E_STOP,d9db3253-85f3-4b54-b2e2-02afcafb9ccf,2015-06-05 00:00:00,E_APPROVED,685a25f5-149a-46de-ac4d-115b180569e8,1a58745e-0d1c-4bbb-b3e3-3e0b62f3223e,d67c6bda-49aa-4db9-a2c0-69d884506392,cf01ad24-6fa0-425e-adca-004b367eec31,,,,35624
5f056710dc89b7165c35246f,e1cdd5fa-5c21-4e34-a539-14057726cedc,E_STOP,d9db3253-85f3-4b54-b2e2-02afcafb9ccf,2017-08-17 00:00:00,E_APPROVED,1ba0c835-629e-49fd-9c78-b3eeb0cb55f3,1a58745e-0d1c-4bbb-b3e3-3e0b62f3223e,d67c6bda-49aa-4db9-a2c0-69d884506392,cf01ad24-6fa0-425e-adca-004b367eec31,,,,55105
5f056710dc89b7165c352470,3a37e60c-dffd-4558-8e9f-178e53b6d4ff,E_STOP,31b31dc0-7ef4-4e05-bd9a-b1ffffc32606,2020-06-30 00:00:00,E_APPROVED,8a195831-9ec7-4f1a-99aa-dcf7878ba036,,,85b54972-10dc-4660-a518-00b6b840020a,,,,82898
5f056710dc89b7165c352471,15291db0-9738-44f7-baad-18c86f2afde7,E_STOP,d9db3253-85f3-4b54-b2e2-02afcafb9ccf,2018-11-16 00:00:00,E_APPROVED,04640f0c-ea5d-44a8-835e-9df28d638fc0,1a58745e-0d1c-4bbb-b3e3-3e0b62f3223e,d67c6bda-49aa-4db9-a2c0-69d884506392,36c2f61f-307c-4a51-a150-0022d957f0d3,,,,68131
5f056710dc89b7165c352472,d78b224c-6e48-4952-b424-193268d1db62,E_STOP,,2017-11-30 00:00:00,E_APPROVED,fdf679de-1b8a-4d98-abfb-973b967cad13,,746df068-4b43-4e97-99f8-6ab764b9ae2b,6fdeee1b-4bab-4155-95a9-005b5669eeae,,,,58334
5f056710dc89b7165c352473,b3dbca1f-5b79-4fd4-b6b1-195fd4be70e6,E_STOP,8b545eda-6ec6-46e1-a0c4-82a7c808f0c0,2018-08-23 00:00:00,E_APPROVED,982906b7-efd1-4953-a9e5-4a352a422fc0,1a58745e-0d1c-4bbb-b3e3-3e0b62f3223e,d67c6bda-49aa-4db9-a2c0-69d884506392,6fdeee1b-4bab-4155-95a9-005b5669eeae,,,,66053
5f056710dc89b7165c352474,747c8231-0b1d-4aee-8fd6-1bcce08a0a76,E_STOP,,2019-02-18 00:00:00,E_APPROVED,b07d8492-27c8-4592-87e4-1226b4bebc9b,b74a1743-300e-4a94-9fc2-25a1a8bce7e7,d67c6bda-49aa-4db9-a2c0-69d884506392,c13d45da-1956-439b-bd84-00c54ce3fa7b,,,,69518
5f056710dc89b7165c352475,4e2f2f07-51a8-45f3-aeeb-1f458b1ea5b6,E_STOP,d3df08c1-d2bc-40a9-b0a1-76d9bff31533,2014-03-01 00:00:00,E_APPROVED,347fa3e6-31b9-4484-88bb-cf6bde05d1d3,1a58745e-0d1c-4bbb-b3e3-3e0b62f3223e,d67c6bda-49aa-4db9-a2c0-69d884506392,cf01ad24-6fa0-425e-adca-004b367eec31,,,,47590
5f056710dc89b7165c352476,1900cf25-362c-4f66-b68e-1f4a695292f5,E_STOP,8b545eda-6ec6-46e1-a0c4-82a7c808f0c0,2016-08-15 00:00:00,E_APPROVED,2a7fd452-8064-4b0d-b007-48b30c2db9f9,,d67c6bda-49aa-4db9-a2c0-69d884506392,6fdeee1b-4bab-4155-95a9-005b5669eeae,,2016-08-15 00:00:00,,39103
5f056710dc89b7165c352477,daecfad3-c11c-463c-b5ea-1fd48dc08988,E_STOP,043ef409-236b-44a1-8299-dd8ac6066b22,2018-07-11 00:00:00,E_APPROVED,18faf7ff-00cd-4b1e-9b40-812c57703312,9b2088e1-7311-4cc3-bdbc-2fcd310f233c,746df068-4b43-4e97-99f8-6ab764b9ae2b,1560d69a-b684-4762-913d-003400f3952e,,,,64126
5f056710dc89b7165c352478,a1c5dd80-f235-4509-91f2-2013211dc4e2,E_STOP,d3df08c1-d2bc-40a9-b0a1-76d9bff31533,2014-03-01 00:00:00,E_APPROVED,fef19b1a-8ee6-4088-8c29-b19f74b3f5f3,1a58745e-0d1c-4bbb-b3e3-3e0b62f3223e,d67c6bda-49aa-4db9-a2c0-69d884506392,cf01ad24-6fa0-425e-adca-004b367eec31,,,,45733
5f056710dc89b7165c352479,e3d7dff2-f404-4c28-989b-21e11e2cf112,E_STOP,,2017-11-16 00:00:00,E_APPROVED,4b85fc3e-f085-4fa7-a9d6-31640eb9407d,,d67c6bda-49aa-4db9-a2c0-69d884506392,6fdeee1b-4bab-4155-95a9-005b5669eeae,,,,57393
5f056710dc89b7165c35247a,1e8322e9-1538-4bb4-9feb-2302ae93a955,E_STOP,8b545eda-6ec6-46e1-a0c4-82a7c808f0c0,2018-04-30 00:00:00,E_APPROVED,aefbf90b-048e-4d39-b04a-cb87b91e56bb,1a58745e-0d1c-4bbb-b3e3-3e0b62f3223e,d67c6bda-49aa-4db9-a2c0-69d884506392,36c2f61f-307c-4a51-a150-0022d957f0d3,,,,61181
5f056710dc89b7165c35247b,5e19eaab-e4ef-4b80-8279-24e6d1f7a053,E_STOP,8b545eda-6ec6-46e1-a0c4-82a7c808f0c0,2017-02-10 00:00:00,E_APPROVED,f374b768-2d81-443c-a97d-5d2faf2bb19e,45ef72c6-d285-4aea-83bd-8139c21623b0,d67c6bda-49aa-4db9-a2c0-69d884506392,6fdeee1b-4bab-4155-95a9-005b5669eeae,,,,56864
5f056710dc89b7165c35247c,94ca068a-2763-484b-a506-2709602a0fa6,E_STOP,043ef409-236b-44a1-8299-dd8ac6066b22,2019-03-01 00:00:00,E_APPROVED,a13f91d6-7d04-49ac-a868-0bfbde70b85a,1a58745e-0d1c-4bbb-b3e3-3e0b62f3223e,d67c6bda-49aa-4db9-a2c0-69d884506392,36c2f61f-307c-4a51-a150-0022d957f0d3,,,,71069
5f056710dc89b7165c35247d,bd72b9c9-e18f-4f9c-a667-28c9e9c1e3af,E_STOP,d9db3253-85f3-4b54-b2e2-02afcafb9ccf,2015-10-15 00:00:00,E_APPROVED,4adb7342-e57c-4363-8a32-624900849fe0,1a58745e-0d1c-4bbb-b3e3-3e0b62f3223e,d67c6bda-49aa-4db9-a2c0-69d884506392,cf01ad24-6fa0-425e-adca-004b367eec31,,2015-10-15 00:00:00,,40687
5f056710dc89b7165c35247e,01eeec51-922e-4726-bb7f-29585661774d,E_STOP,d9db3253-85f3-4b54-b2e2-02afcafb9ccf,2017-09-18 00:00:00,E_APPROVED,9d549120-55f5-4998-9abf-13c1487cde19,1a58745e-0d1c-4bbb-b3e3-3e0b62f3223e,d67c6bda-49aa-4db9-a2c0-69d884506392,cf01ad24-6fa0-425e-adca-004b367eec31,,,,55664
5f056710dc89b7165c35247f,66ee4680-fdb1-43e4-88ea-2a6166b316ea,E_STOP,b629bf20-4e11-4181-beff-333447233f0b,2016-04-22 00:00:00,E_APPROVED,3a17da7c-73ac-4284-8c7c-02c5ec1ef4d4,1a58745e-0d1c-4bbb-b3e3-3e0b62f3223e,d67c6bda-49aa-4db9-a2c0-69d884506392,cf01ad24-6fa0-425e-adca-004b367eec31,,2016-04-22 00:00:00,,34756
5f056710dc89b7165c352480,05936422-6b9c-4ad3-bd27-2d00aa361556,E_STOP,,2017-02-10 00:00:00,E_APPROVED,2d35bf42-60b5-4fa2-9686-c16d1e52f8af,,,6fdeee1b-4bab-4155-95a9-005b5669eeae,,,,56769
5f056710dc89b7165c352481,cda9ee5a-40b5-48b7-9748-2db43e7cb4d3,E_STOP,d9db3253-85f3-4b54-b2e2-02afcafb9ccf,2015-07-21 00:00:00,E_APPROVED,c3a86c6c-884e-462e-98a9-363525fa7d7b,1a58745e-0d1c-4bbb-b3e3-3e0b62f3223e,d67c6bda-49aa-4db9-a2c0-69d884506392,cf01ad24-6fa0-425e-adca-004b367eec31,,2015-07-24 00:00:00,,37915
5f056710dc89b7165c352482,5fc7691c-cb51-4ab8-b154-2de27901e596,E_STOP,d9db3253-85f3-4b54-b2e2-02afcafb9ccf,2015-05-11 00:00:00,E_APPROVED,d6d433b8-d765-4b7f-9099-d99547882550,1a58745e-0d1c-4bbb-b3e3-3e0b62f3223e,d67c6bda-49aa-4db9-a2c0-69d884506392,cf01ad24-6fa0-425e-adca-004b367eec31,,,,48208
5f056710dc89b7165c352483,42986e0a-8f63-4721-b46b-30700f188a90,E_STOP,d9db3253-85f3-4b54-b2e2-02afcafb9ccf,2016-07-27 00:00:00,E_APPROVED,3dda3cc5-cb75-444c-b626-cf1e50491e74,1a58745e-0d1c-4bbb-b3e3-3e0b62f3223e,d67c6bda-49aa-4db9-a2c0-69d884506392,cf01ad24-6fa0-425e-adca-004b367eec31,,2016-07-27 00:00:00,,47567
5f056710dc89b7165c352484,c84131cc-adc3-43d4-9824-31c0fec7ea5f,E_STOP,d9db3253-85f3-4b54-b2e2-02afcafb9ccf,2016-06-01 00:00:00,E_APPROVED,5dc0a1ef-1022-40bd-85e5-ea339cacdbd2,1a58745e-0d1c-4bbb-b3e3-3e0b62f3223e,d67c6bda-49aa-4db9-a2c0-69d884506392,cf01ad24-6fa0-425e-adca-004b367eec31,,2016-06-01 00:00:00,,49204
5f056710dc89b7165c352485,3b5864e5-e994-43d1-a91b-31c7678ddc8f,E_STOP,d9db3253-85f3-4b54-b2e2-02afcafb9ccf,2018-07-17 00:00:00,E_APPROVED,89934b7b-4bda-44ad-82f6-cb5fa6c81994,1a58745e-0d1c-4bbb-b3e3-3e0b62f3223e,d67c6bda-49aa-4db9-a2c0-69d884506392,36c2f61f-307c-4a51-a150-0022d957f0d3,,,,64187
5f056710dc89b7165c352486,c0abb208-93f9-4bdd-962e-31fadfaff1fd,E_STOP,8b545eda-6ec6-46e1-a0c4-82a7c808f0c0,2017-09-01 00:00:00,E_APPROVED,c68a1586-680b-4dae-94f5-e43c11309208,1a58745e-0d1c-4bbb-b3e3-3e0b62f3223e,d67c6bda-49aa-4db9-a2c0-69d884506392,cf01ad24-6fa0-425e-adca-004b367eec31,,,,55528
5f056710dc89b7165c352487,a5cc141a-9f7e-43c5-9399-3259a2fcf576,E_STOP,043ef409-236b-44a1-8299-dd8ac6066b22,2019-03-19 00:00:00,E_APPROVED,4f706213-1e40-4f87-bfd8-aa20b223c186,,,85b54972-10dc-4660-a518-00b6b840020a,,2019-03-19 00:00:00,,70112
5f056710dc89b7165c352488,2396409e-329e-490c-a97f-348f68a6c572,E_STOP,31b31dc0-7ef4-4e05-bd9a-b1ffffc32606,2020-04-14 00:00:00,E_APPROVED,090ff7c3-4505-4ca6-9b76-9c520198efff,,,6fdeee1b-4bab-4155-95a9-005b5669eeae,,2020-04-14 15:22:33,28906e07-c67c-4d6d-b809-1cc6e62d9938,81050
5f056710dc89b7165c352489,28b7e3ce-f670-4d11-a414-373d484d4d7b,E_STOP,043ef409-236b-44a1-8299-dd8ac6066b22,2017-05-17 00:00:00,E_APPROVED,4fdb90f1-f286-45af-9d0c-5e7b671a9bfd,1a58745e-0d1c-4bbb-b3e3-3e0b62f3223e,d67c6bda-49aa-4db9-a2c0-69d884506392,cf01ad24-6fa0-425e-adca-004b367eec31,,,,53835
5f056710dc89b7165c35248a,8454974f-3a6d-488d-8bd1-3aba2db2b497,E_STOP,d3df08c1-d2bc-40a9-b0a1-76d9bff31533,2017-05-09 00:00:00,E_APPROVED,a7bf23e7-2163-4c57-8ad6-fb4b19af3904,,d67c6bda-49aa-4db9-a2c0-69d884506392,6fdeee1b-4bab-4155-95a9-005b5669eeae,,,,56870
5f056710dc89b7165c35248b,8190dde0-74a8-48bf-877d-3c71df56761a,E_STOP,d3df08c1-d2bc-40a9-b0a1-76d9bff31533,2017-03-14 00:00:00,E_APPROVED,28d65850-b777-4f47-ad30-0ab18c91d601,,d67c6bda-49aa-4db9-a2c0-69d884506392,6fdeee1b-4bab-4155-95a9-005b5669eeae,,,,56877
5f056710dc89b7165c35248c,faafbcd8-5150-49ed-a743-3ccf26378ede,E_STOP,d9db3253-85f3-4b54-b2e2-02afcafb9ccf,2019-04-12 00:00:00,E_APPROVED,f0b38ff1-aa05-4cd8-8f1b-d88eb59453f2,c85ac4aa-0b4a-40c1-a62a-d3a22823dca3,d67c6bda-49aa-4db9-a2c0-69d884506392,36c2f61f-307c-4a51-a150-0022d957f0d3,,,,71502
5f056710dc89b7165c35248d,38ca007b-447a-4be1-b350-3db8cb237b0d,E_STOP,d3df08c1-d2bc-40a9-b0a1-76d9bff31533,2016-07-25 00:00:00,E_APPROVED,e1e1cf67-0d4c-4fb8-853e-a33931a37a3a,1a58745e-0d1c-4bbb-b3e3-3e0b62f3223e,d67c6bda-49aa-4db9-a2c0-69d884506392,cf01ad24-6fa0-425e-adca-004b367eec31,,2016-07-25 00:00:00,,44833
5f056710dc89b7165c35248e,92ecebc0-0c73-4022-9fe7-3ee5c7d90132,E_STOP,d3df08c1-d2bc-40a9-b0a1-76d9bff31533,2017-08-21 00:00:00,E_APPROVED,87b1f909-5cf4-45fc-8d24-9b6d7d8963fd,,,6fdeee1b-4bab-4155-95a9-005b5669eeae,,,,56876
5f056710dc89b7165c35248f,baa1c4df-4ebc-457c-b7b7-407607be8034,E_STOP,043ef409-236b-44a1-8299-dd8ac6066b22,2019-04-09 00:00:00,E_APPROVED,4d3e64fa-e5b5-4d6d-87e8-4bb60dde3a0d,1a58745e-0d1c-4bbb-b3e3-3e0b62f3223e,d67c6bda-49aa-4db9-a2c0-69d884506392,36c2f61f-307c-4a51-a150-0022d957f0d3,,,,71432
5f056710dc89b7165c352490,63d77ae3-3d14-4901-bd36-4126e950aa64,E_STOP,d9db3253-85f3-4b54-b2e2-02afcafb9ccf,2016-08-22 00:00:00,E_APPROVED,b43fb034-c4c8-4672-befe-70f52adecee2,1a58745e-0d1c-4bbb-b3e3-3e0b62f3223e,d67c6bda-49aa-4db9-a2c0-69d884506392,cf01ad24-6fa0-425e-adca-004b367eec31,,2016-08-22 00:00:00,,41621
5f056710dc89b7165c352491,40ba01b0-c6d9-46fc-9993-41d8b88fb109,E_STOP,31b31dc0-7ef4-4e05-bd9a-b1ffffc32606,2019-10-08 00:00:00,E_APPROVED,5dfff5a1-7236-4b74-b693-ba1f0d29dd60,,,6fdeee1b-4bab-4155-95a9-005b5669eeae,,2019-10-08 13:09:54,28906e07-c67c-4d6d-b809-1cc6e62d9938,75963
5f056710dc89b7165c352492,31720cee-9aaa-425a-975a-43fa4fc89cd1,E_STOP,d9db3253-85f3-4b54-b2e2-02afcafb9ccf,2017-02-17 00:00:00,E_APPROVED,69ea16cd-8b85-4cca-ab60-b8d88c816cf3,1a58745e-0d1c-4bbb-b3e3-3e0b62f3223e,d67c6bda-49aa-4db9-a2c0-69d884506392,cf01ad24-6fa0-425e-adca-004b367eec31,,,,51873
5f056710dc89b7165c352493,0dad29a1-ed88-4358-bd20-471195c54010,E_STOP,31b31dc0-7ef4-4e05-bd9a-b1ffffc32606,2019-02-20 00:00:00,E_APPROVED,ad39dadb-0597-4c21-852a-a37d69b2d5ff,,,d1739d97-7fcf-433b-bcb9-00b023b3a35b,,2019-02-20 00:00:00,,69974
5f056710dc89b7165c352494,95e84d08-955d-44a0-a331-474cdb84fa88,E_STOP,8b545eda-6ec6-46e1-a0c4-82a7c808f0c0,2018-11-05 00:00:00,E_APPROVED,cc11ece9-30ca-4393-8022-46db237dfbb9,1a58745e-0d1c-4bbb-b3e3-3e0b62f3223e,d67c6bda-49aa-4db9-a2c0-69d884506392,6fdeee1b-4bab-4155-95a9-005b5669eeae,,,,67949
5f056710dc89b7165c352495,964352c7-9b68-4180-8b32-475b88a87c06,E_STOP,d9db3253-85f3-4b54-b2e2-02afcafb9ccf,2015-03-02 00:00:00,E_APPROVED,a229dc5c-00ed-4f60-81af-169222906cfe,1a58745e-0d1c-4bbb-b3e3-3e0b62f3223e,d67c6bda-49aa-4db9-a2c0-69d884506392,cf01ad24-6fa0-425e-adca-004b367eec31,,2015-03-07 00:00:00,,35943
5f056710dc89b7165c352496,1b1f29a5-f8ce-493f-9e96-489a57717efd,E_STOP,d9db3253-85f3-4b54-b2e2-02afcafb9ccf,2015-03-09 00:00:00,E_APPROVED,9d71465e-916a-4fe4-a255-2b3239872439,1a58745e-0d1c-4bbb-b3e3-3e0b62f3223e,d67c6bda-49aa-4db9-a2c0-69d884506392,cf01ad24-6fa0-425e-adca-004b367eec31,,2015-03-16 00:00:00,,37226
5f056710dc89b7165c352497,f8ab396c-6c72-4e8e-af3d-48be790f4aea,E_STOP,8b545eda-6ec6-46e1-a0c4-82a7c808f0c0,2016-09-30 00:00:00,E_APPROVED,68487cc8-5ced-4019-825b-888013136fe2,1a58745e-0d1c-4bbb-b3e3-3e0b62f3223e,d67c6bda-49aa-4db9-a2c0-69d884506392,cf01ad24-6fa0-425e-adca-004b367eec31,,2016-09-30 00:00:00,,43106
5f056710dc89b7165c352498,dbe7aab0-d035-4c3a-b08d-48f85a829529,E_STOP,d3df08c1-d2bc-40a9-b0a1-76d9bff31533,2014-03-01 00:00:00,E_APPROVED,c078ee00-e64c-4b12-b838-2cace694f81f,1a58745e-0d1c-4bbb-b3e3-3e0b62f3223e,746df068-4b43-4e97-99f8-6ab764b9ae2b,cf01ad24-6fa0-425e-adca-004b367eec31,,,,37302
5f056710dc89b7165c352499,f6355271-9ceb-45bf-951a-4976ff371da0,E_STOP,8b545eda-6ec6-46e1-a0c4-82a7c808f0c0,2019-04-01 00:00:00,E_APPROVED,526367cc-8794-4a7b-b46c-0e1cd18d2fe4,cf581b06-5e33-4719-949e-4fcc355a6af5,d67c6bda-49aa-4db9-a2c0-69d884506392,36c2f61f-307c-4a51-a150-0022d957f0d3,,2019-04-01 00:00:00,,70475
5f056710dc89b7165c35249a,cb58e191-f163-49d9-86aa-4a7d42cc6fe7,E_STOP,31b31dc0-7ef4-4e05-bd9a-b1ffffc32606,2020-06-13 00:00:00,E_APPROVED,0e05d317-7938-42cb-82e7-84f3586ae12b,,,6fdeee1b-4bab-4155-95a9-005b5669eeae,,2020-06-13 08:43:12,28906e07-c67c-4d6d-b809-1cc6e62d9938,82362
5f056710dc89b7165c35249b,8400a84b-9ac5-4347-a7c3-4b7a2b9a40b4,E_STOP,d9db3253-85f3-4b54-b2e2-02afcafb9ccf,2016-03-04 00:00:00,E_APPROVED,34ecfa49-ac99-4480-9176-ff8d2960307f,1a58745e-0d1c-4bbb-b3e3-3e0b62f3223e,d67c6bda-49aa-4db9-a2c0-69d884506392,cf01ad24-6fa0-425e-adca-004b367eec31,,2016-03-04 00:00:00,,50522
5f056710dc89b7165c35249c,60765ffb-136b-4ca7-80fb-4bf6e3f636a0,E_STOP,d9db3253-85f3-4b54-b2e2-02afcafb9ccf,2017-08-21 00:00:00,E_APPROVED,7c529c9d-47e7-421d-92f0-8e6b6c56b027,,,85b54972-10dc-4660-a518-00b6b840020a,,,,55307
5f056710dc89b7165c35249d,47a0f6ab-e9f7-4cad-96e1-4db94790e6c5,E_STOP,d3df08c1-d2bc-40a9-b0a1-76d9bff31533,2016-07-01 00:00:00,E_APPROVED,66302db5-7188-4d21-ade6-63f03967ca4b,,d67c6bda-49aa-4db9-a2c0-69d884506392,6fdeee1b-4bab-4155-95a9-005b5669eeae,,,,56872
5f056710dc89b7165c35249e,281f3004-dac9-422b-a190-4e98f8a701bf,E_STOP,31b31dc0-7ef4-4e05-bd9a-b1ffffc32606,2018-10-04 00:00:00,E_APPROVED,3c923bcc-89c4-458e-8980-2790203fdb5e,6550c8c9-76ce-48d8-9d96-7f8bc19d1a32,d67c6bda-49aa-4db9-a2c0-69d884506392,d1739d97-7fcf-433b-bcb9-00b023b3a35b,,,,67572
5f056710dc89b7165c35249f,ec21f004-3284-46ba-8827-4f165d60d922,E_STOP,f2c0c0e3-dbf9-48bb-a9ce-c87476bdd55d,2019-07-01 00:00:00,E_CANCEL,0e05d317-7938-42cb-82e7-84f3586ae12b,,,6fdeee1b-4bab-4155-95a9-005b5669eeae,,2019-07-01 09:05:51,81e808f3-5e36-48d4-a5e1-83a86628abc6,73613
5f056710dc89b7165c3524a0,d3c2c22d-b0d3-4001-a0a1-51c3b3e53d52,E_HIRE,,2018-01-15 00:00:00,E_APPROVED,a863ba7a-a23e-4182-82f5-028f40122286,b74a1743-300e-4a94-9fc2-25a1a8bce7e7,d67c6bda-49aa-4db9-a2c0-69d884506392,c13d45da-1956-439b-bd84-00c54ce3fa7b,,,,58756
5f056710dc89b7165c3524a1,a6266562-28cc-4b72-9b93-54f0181ae37b,E_STOP,043ef409-236b-44a1-8299-dd8ac6066b22,2019-05-13 00:00:00,E_APPROVED,79f2f545-fce5-46d2-b03f-4c575f39e58c,1a58745e-0d1c-4bbb-b3e3-3e0b62f3223e,d67c6bda-49aa-4db9-a2c0-69d884506392,a6e73089-7117-45b0-a4fd-a9a37ca6c6dc,,,,72508
5f056710dc89b7165c3524a2,41f678e9-b49f-49cf-8b58-563ab1933f9e,E_STOP,f2c0c0e3-dbf9-48bb-a9ce-c87476bdd55d,2020-07-11 00:00:00,E_APPROVED,6a0bdfb8-74d7-4dea-8bb4-ef29332af44a,,,ac55f1cc-3150-4243-9860-5ff2c9de406d,,2020-06-25 12:42:52,81e808f3-5e36-48d4-a5e1-83a86628abc6,82714
5f056710dc89b7165c3524a3,c22e48ff-57c1-47a2-89a8-578b84d037c7,E_STOP,d3df08c1-d2bc-40a9-b0a1-76d9bff31533,2014-03-01 00:00:00,E_APPROVED,25a99d51-04af-4e2d-9ddf-a482e7bbf195,1a58745e-0d1c-4bbb-b3e3-3e0b62f3223e,d67c6bda-49aa-4db9-a2c0-69d884506392,cf01ad24-6fa0-425e-adca-004b367eec31,,,,44919
5f056710dc89b7165c3524a4,3fa00fb9-b738-4c63-93f0-584f558dc406,E_STOP,f2c0c0e3-dbf9-48bb-a9ce-c87476bdd55d,2018-03-22 00:00:00,E_APPROVED,d62105e6-4292-4d54-883d-5f8eac63b658,1a58745e-0d1c-4bbb-b3e3-3e0b62f3223e,d67c6bda-49aa-4db9-a2c0-69d884506392,36c2f61f-307c-4a51-a150-0022d957f0d3,,,,60307
5f056710dc89b7165c3524a5,3b44253a-e74b-4c59-84e7-5960bc959c94,E_STOP,d3df08c1-d2bc-40a9-b0a1-76d9bff31533,2014-03-01 00:00:00,E_APPROVED,11b8cbb7-d6ef-451a-84c8-0b385ff3fb60,1a58745e-0d1c-4bbb-b3e3-3e0b62f3223e,d67c6bda-49aa-4db9-a2c0-69d884506392,cf01ad24-6fa0-425e-adca-004b367eec31,,,,35266
5f056710dc89b7165c3524a6,86c2e8d1-f232-4a26-88fb-5a7aecbac2e0,E_STOP,d9db3253-85f3-4b54-b2e2-02afcafb9ccf,2014-06-05 00:00:00,E_APPROVED,cf2b0b0f-c58e-416e-8cdc-46720b0a74dc,1a58745e-0d1c-4bbb-b3e3-3e0b62f3223e,d67c6bda-49aa-4db9-a2c0-69d884506392,cf01ad24-6fa0-425e-adca-004b367eec31,,,,38954
5f056710dc89b7165c3524a7,341a600e-baa9-4f4f-adb0-5d3d3458e5fb,E_STOP,,2017-08-21 00:00:00,E_APPROVED,a9b2ee4d-998f-4929-b667-bf58998f088b,,d67c6bda-49aa-4db9-a2c0-69d884506392,6fdeee1b-4bab-4155-95a9-005b5669eeae,,,,55297
5f056710dc89b7165c3524a8,e9e6a59c-5bac-4a6c-8386-5ecc5101e749,E_STOP,31b31dc0-7ef4-4e05-bd9a-b1ffffc32606,2017-10-20 00:00:00,E_APPROVED,f79aaa3f-e742-4b28-9422-de7f9ce83ad3,,,85b54972-10dc-4660-a518-00b6b840020a,,,,56091
5f056710dc89b7165c3524a9,90df33f1-704c-4a7a-99e0-5f0667fd331b,E_STOP,31b31dc0-7ef4-4e05-bd9a-b1ffffc32606,2020-02-24 00:00:00,E_APPROVED,9f93998c-42cf-4c17-a104-14c8d8208915,,,6fdeee1b-4bab-4155-95a9-005b5669eeae,,2020-02-24 08:53:14,28906e07-c67c-4d6d-b809-1cc6e62d9938,78603
5f056710dc89b7165c3524aa,20652844-65c8-4e66-ae39-60e2fc0b739f,E_STOP,d3df08c1-d2bc-40a9-b0a1-76d9bff31533,2014-03-01 00:00:00,E_APPROVED,6fba1bcd-5aee-45e4-996f-7fe0c48b09ed,,d67c6bda-49aa-4db9-a2c0-69d884506392,cf01ad24-6fa0-425e-adca-004b367eec31,,,,42554
5f056710dc89b7165c3524ab,76617d32-760f-4cda-9092-618226b463ab,E_STOP,d9db3253-85f3-4b54-b2e2-02afcafb9ccf,2015-03-02 00:00:00,E_APPROVED,e358cf9b-4c94-4cd4-88ff-7117c45ef2d5,a150e665-110e-454a-9263-37b9478eec86,d67c6bda-49aa-4db9-a2c0-69d884506392,cf01ad24-6fa0-425e-adca-004b367eec31,,2015-03-07 00:00:00,,41629
5f056710dc89b7165c3524ac,870cf92d-bbbf-4e2a-9acf-6211891ed9d2,E_STOP,d9db3253-85f3-4b54-b2e2-02afcafb9ccf,2015-04-11 00:00:00,E_APPROVED,3f871466-9bb5-4ebf-9889-a6886a851fa7,1a58745e-0d1c-4bbb-b3e3-3e0b62f3223e,d67c6bda-49aa-4db9-a2c0-69d884506392,cf01ad24-6fa0-425e-adca-004b367eec31,,,,45053
5f056710dc89b7165c3524ad,05b04cfa-9a46-4075-8d3f-638031d59209,E_STOP,d9db3253-85f3-4b54-b2e2-02afcafb9ccf,2016-08-19 00:00:00,E_APPROVED,241b7c2b-e236-46f0-be57-03481feff1ad,da12992c-4f5e-45ff-85f8-0ff79dc26cdc,d67c6bda-49aa-4db9-a2c0-69d884506392,cf01ad24-6fa0-425e-adca-004b367eec31,,2016-08-19 00:00:00,,34781
5f056710dc89b7165c3524ae,fd8c3e93-eef4-4bd3-83b1-63f0a67e700e,E_STOP,b629bf20-4e11-4181-beff-333447233f0b,2019-05-03 00:00:00,E_APPROVED,51c4f6a9-83bf-4c2e-8a3f-28b1a18be51e,45ef72c6-d285-4aea-83bd-8139c21623b0,5c542667-6e02-481b-9035-ac102ca65531,6fdeee1b-4bab-4155-95a9-005b5669eeae,,,,71976
5f056710dc89b7165c3524af,1f8bcfb6-8ad0-4203-9d2b-640eb034757a,E_STOP,d3df08c1-d2bc-40a9-b0a1-76d9bff31533,2014-03-01 00:00:00,E_APPROVED,b3b9dfac-860f-43b0-b09c-d1abf4df9077,1a58745e-0d1c-4bbb-b3e3-3e0b62f3223e,d67c6bda-49aa-4db9-a2c0-69d884506392,cf01ad24-6fa0-425e-adca-004b367eec31,,,,47728
5f056710dc89b7165c3524b0,b90efb2d-033c-442d-a537-654cff0e487b,E_STOP,d9db3253-85f3-4b54-b2e2-02afcafb9ccf,2018-06-11 00:00:00,E_APPROVED,51ccf103-8dca-4e1d-94d5-ea457ce4781f,9099319c-3ca4-46e3-a398-5abc80cda143,d67c6bda-49aa-4db9-a2c0-69d884506392,1560d69a-b684-4762-913d-003400f3952e,,,,63787
5f056710dc89b7165c3524b1,92fdc28c-f1bf-4cc8-9472-65a94efca8cc,E_STOP,31b31dc0-7ef4-4e05-bd9a-b1ffffc32606,2019-03-07 16:51:58,E_APPROVED,ecf2cb50-d054-4c6c-be82-f12003c9b379,,,85b54972-10dc-4660-a518-00b6b840020a,,,,70062
5f056710dc89b7165c3524b2,42083f02-4991-4b82-a916-6a7f23474af5,E_STOP,d9db3253-85f3-4b54-b2e2-02afcafb9ccf,2020-05-21 00:00:00,E_APPROVED,a65af4f7-857d-43a5-8ca6-1d761127b646,,,85b54972-10dc-4660-a518-00b6b840020a,,,81e808f3-5e36-48d4-a5e1-83a86628abc6,81700
5f056710dc89b7165c3524b3,3ca17981-4f1a-4ae8-8169-6c3ece98b7ba,E_STOP,d9db3253-85f3-4b54-b2e2-02afcafb9ccf,2015-03-12 00:00:00,E_APPROVED,6f1c7914-4dfd-4819-8f3d-04835a58909a,1a58745e-0d1c-4bbb-b3e3-3e0b62f3223e,d67c6bda-49aa-4db9-a2c0-69d884506392,cf01ad24-6fa0-425e-adca-004b367eec31,,2015-03-18 00:00:00,,34858
5f056710dc89b7165c3524b4,c59bfc23-4813-4fb2-a6f3-6d7f113e362a,E_STOP,b629bf20-4e11-4181-beff-333447233f0b,2017-04-14 00:00:00,E_APPROVED,cce57f8f-53df-4e6b-ac1c-a1d85c0c0320,1a58745e-0d1c-4bbb-b3e3-3e0b62f3223e,d67c6bda-49aa-4db9-a2c0-69d884506392,cf01ad24-6fa0-425e-adca-004b367eec31,,,,53908
5f056710dc89b7165c3524b5,6c8b4dc9-0989-48fa-9b32-6e9ee26a02f4,E_STOP,d9db3253-85f3-4b54-b2e2-02afcafb9ccf,2017-06-24 00:00:00,E_APPROVED,83dd3e4c-b0c9-4fc5-acc7-fb8ae111745f,1a58745e-0d1c-4bbb-b3e3-3e0b62f3223e,d67c6bda-49aa-4db9-a2c0-69d884506392,cf01ad24-6fa0-425e-adca-004b367eec31,,,,54959
5f056710dc89b7165c3524b6,2766566e-dcbc-4fe4-b120-6f3ce6adf721,E_STOP,d9db3253-85f3-4b54-b2e2-02afcafb9ccf,2017-04-17 00:00:00,E_APPROVED,4a6054ae-f34d-4548-8395-e08ac070d68f,1a58745e-0d1c-4bbb-b3e3-3e0b62f3223e,d67c6bda-49aa-4db9-a2c0-69d884506392,cf01ad24-6fa0-425e-adca-004b367eec31,,,,53046
5f056710dc89b7165c3524b7,c98ea1ff-2702-420e-a712-7381e032f952,E_STOP,d9db3253-85f3-4b54-b2e2-02afcafb9ccf,2014-10-08 00:00:00,E_APPROVED,af1dfeab-dabc-4047-a4a2-68562288f864,1a58745e-0d1c-4bbb-b3e3-3e0b62f3223e,d67c6bda-49aa-4db9-a2c0-69d884506392,cf01ad24-6fa0-425e-adca-004b367eec31,,,,41070
5f056710dc89b7165c3524b8,5b300526-882e-40b6-8d5f-748e55348c97,E_STOP,8b545eda-6ec6-46e1-a0c4-82a7c808f0c0,2014-05-02 00:00:00,E_APPROVED,54b9956d-17c4-4b29-aa9c-278861d5e1e5,1a58745e-0d1c-4bbb-b3e3-3e0b62f3223e,d67c6bda-49aa-4db9-a2c0-69d884506392,cf01ad24-6fa0-425e-adca-004b367eec31,,,,37004
5f056710dc89b7165c3524b9,a28bc43c-176b-4307-adda-74cd29e9cd56,E_STOP,8b545eda-6ec6-46e1-a0c4-82a7c808f0c0,2019-05-16 00:00:00,E_APPROVED,c8f73744-e412-49d5-8882-9b4c8c3ff05a,1a58745e-0d1c-4bbb-b3e3-3e0b62f3223e,d67c6bda-49aa-4db9-a2c0-69d884506392,6fdeee1b-4bab-4155-95a9-005b5669eeae,,,,72276
5f056710dc89b7165c3524ba,6c82495d-7498-4e9f-90a5-74eb9fc21fa7,E_STOP,d3df08c1-d2bc-40a9-b0a1-76d9bff31533,2016-04-03 00:00:00,E_APPROVED,55b87735-78c9-4899-86cf-273222460b99,1a58745e-0d1c-4bbb-b3e3-3e0b62f3223e,d67c6bda-49aa-4db9-a2c0-69d884506392,cf01ad24-6fa0-425e-adca-004b367eec31,,,,36985
5f056710dc89b7165c3524bb,97d84b2c-9677-41a4-a0d6-76cd887b5fde,E_STOP,d9db3253-85f3-4b54-b2e2-02afcafb9ccf,2015-04-08 00:00:00,E_APPROVED,f78dbfae-250b-4e44-b34c-dd68565e26fa,1a58745e-0d1c-4bbb-b3e3-3e0b62f3223e,d67c6bda-49aa-4db9-a2c0-69d884506392,cf01ad24-6fa0-425e-adca-004b367eec31,,,,48453
5f056710dc89b7165c3524bc,e76fafa8-2020-4fda-8e93-776aed16c962,E_STOP,d9db3253-85f3-4b54-b2e2-02afcafb9ccf,2019-09-01 00:00:00,E_APPROVED,04b24710-5d39-4384-99e0-38dcab49a42a,,,85b54972-10dc-4660-a518-00b6b840020a,,,81e808f3-5e36-48d4-a5e1-83a86628abc6,75331
5f056710dc89b7165c3524bd,394fcfbd-2e6b-4045-9648-7ac4ce622cd2,E_STOP,d9db3253-85f3-4b54-b2e2-02afcafb9ccf,2018-06-11 00:00:00,E_APPROVED,72bb80b0-987c-4a3a-8132-1f7e0942c9b0,9099319c-3ca4-46e3-a398-5abc80cda143,d67c6bda-49aa-4db9-a2c0-69d884506392,1560d69a-b684-4762-913d-003400f3952e,,,,63788
5f056710dc89b7165c3524be,acefadf6-5f2a-47bd-97af-7bd5298f2978,E_STOP,d9db3253-85f3-4b54-b2e2-02afcafb9ccf,2015-07-01 00:00:00,E_APPROVED,8fed392a-9828-4394-9fe3-1fe74676ace6,1a58745e-0d1c-4bbb-b3e3-3e0b62f3223e,d67c6bda-49aa-4db9-a2c0-69d884506392,cf01ad24-6fa0-425e-adca-004b367eec31,,2015-07-06 00:00:00,,36515
5f056710dc89b7165c3524bf,d43e4fd3-99a7-4f59-ac9f-7c3268029a4b,E_STOP,8b545eda-6ec6-46e1-a0c4-82a7c808f0c0,2017-04-05 00:00:00,E_APPROVED,49144437-8600-4ca5-a40a-ca6779cb771b,ab0a7182-3358-40d1-b236-5d6ad0ca51fa,d67c6bda-49aa-4db9-a2c0-69d884506392,85b54972-10dc-4660-a518-00b6b840020a,,2017-03-30 00:00:00,,52140
5f056710dc89b7165c3524c0,fa4a1128-8ee4-4191-b139-7d2f65227051,E_STOP,d3df08c1-d2bc-40a9-b0a1-76d9bff31533,2014-03-01 00:00:00,E_APPROVED,1a94e721-94a8-424b-8621-7ae15b8898e1,1a58745e-0d1c-4bbb-b3e3-3e0b62f3223e,d67c6bda-49aa-4db9-a2c0-69d884506392,cf01ad24-6fa0-425e-adca-004b367eec31,,,,42249
5f056710dc89b7165c3524c1,2d5339d1-3430-4cd5-be4d-80956693e6a8,E_STOP,d3df08c1-d2bc-40a9-b0a1-76d9bff31533,2017-10-27 00:00:00,E_APPROVED,e98786f5-c9c2-439a-87f2-3594893ea0e1,ab0a7182-3358-40d1-b236-5d6ad0ca51fa,d67c6bda-49aa-4db9-a2c0-69d884506392,85b54972-10dc-4660-a518-00b6b840020a,,2017-10-26 00:00:00,,55862
5f056710dc89b7165c3524c2,c5ea5f85-09e0-4bc0-a328-80d01ffc20a8,E_STOP,d9db3253-85f3-4b54-b2e2-02afcafb9ccf,2017-09-16 00:00:00,E_APPROVED,c55fed7b-20d2-4b1f-84a8-7369d6c84504,1a58745e-0d1c-4bbb-b3e3-3e0b62f3223e,d67c6bda-49aa-4db9-a2c0-69d884506392,cf01ad24-6fa0-425e-adca-004b367eec31,,,,55665
5f056710dc89b7165c3524c3,ebd5b062-5b92-4c49-a910-878369426c89,E_STOP,8b545eda-6ec6-46e1-a0c4-82a7c808f0c0,2018-02-12 00:00:00,E_APPROVED,18ce5ffa-b306-4fd2-a8ff-5f67fdb56554,1a58745e-0d1c-4bbb-b3e3-3e0b62f3223e,d67c6bda-49aa-4db9-a2c0-69d884506392,36c2f61f-307c-4a51-a150-0022d957f0d3,,,,59685
5f056710dc89b7165c3524c4,98d32cc1-8c67-48ee-addf-87fb68e06d01,E_STOP,b629bf20-4e11-4181-beff-333447233f0b,2020-02-01 00:00:00,E_APPROVED,3cf14127-bb4e-4871-afc4-c1a76d9082b2,,,85b54972-10dc-4660-a518-00b6b840020a,,2020-01-31 00:00:00,ec4383fd-9210-4f13-9bd3-7618229d86f2,77700
5f056710dc89b7165c3524c5,7078af17-95c4-4ee1-8ac3-888483a93dcc,E_STOP,d9db3253-85f3-4b54-b2e2-02afcafb9ccf,2018-10-13 00:00:00,E_APPROVED,6b7c3d29-fdc6-45e3-aff4-6d66fa5ceae9,1a58745e-0d1c-4bbb-b3e3-3e0b62f3223e,d67c6bda-49aa-4db9-a2c0-69d884506392,36c2f61f-307c-4a51-a150-0022d957f0d3,,,,67545
5f056710dc89b7165c3524c6,bb0d9b4e-ad49-4301-a2e3-8aeedd673901,E_STOP,d9db3253-85f3-4b54-b2e2-02afcafb9ccf,2015-09-22 00:00:00,E_APPROVED,99d0ee9c-44f1-48cc-9c00-a419b56baaa8,1a58745e-0d1c-4bbb-b3e3-3e0b62f3223e,d67c6bda-49aa-4db9-a2c0-69d884506392,cf01ad24-6fa0-425e-adca-004b367eec31,,2015-09-27 00:00:00,,44890
5f056710dc89b7165c3524c7,73b77391-9276-4739-a171-8c1b50fba96c,E_STOP,31b31dc0-7ef4-4e05-bd9a-b1ffffc32606,2020-05-15 00:00:00,E_APPROVED,b221be0f-0a9c-4920-b189-06b6b919b1c8,,,c13d45da-1956-439b-bd84-00c54ce3fa7b,,2020-05-15 00:00:00,28906e07-c67c-4d6d-b809-1cc6e62d9938,81761
5f056710dc89b7165c3524c8,60787551-8b37-41e0-8339-8e52a1aa32cb,E_STOP,d9db3253-85f3-4b54-b2e2-02afcafb9ccf,2016-06-24 00:00:00,E_APPROVED,44851ea0-b7d5-4591-a891-290602efc3ee,1a58745e-0d1c-4bbb-b3e3-3e0b62f3223e,d67c6bda-49aa-4db9-a2c0-69d884506392,cf01ad24-6fa0-425e-adca-004b367eec31,,2016-06-24 00:00:00,,37094
5f056710dc89b7165c3524c9,42f67032-74fb-46f3-85ab-8e857e09c335,E_STOP,d9db3253-85f3-4b54-b2e2-02afcafb9ccf,2018-04-16 00:00:00,E_APPROVED,a957cd5e-26c8-4ad8-abb9-396058145ab9,0d26fd93-9129-4319-8b0f-8528afb02594,24f49b40-39bd-4215-ab73-7af3b3c4b17e,1560d69a-b684-4762-913d-003400f3952e,,,,60958
5f056710dc89b7165c3524ca,9a7a9db6-1708-45c6-9d66-91dd2a3bd54d,E_STOP,d9db3253-85f3-4b54-b2e2-02afcafb9ccf,2017-06-24 00:00:00,E_APPROVED,47301f52-679b-48fa-8e69-6aedff23e698,1a58745e-0d1c-4bbb-b3e3-3e0b62f3223e,d67c6bda-49aa-4db9-a2c0-69d884506392,cf01ad24-6fa0-425e-adca-004b367eec31,,,,54958
5f056710dc89b7165c3524cb,922ae946-402c-4dd4-88c1-95d12b709baa,E_STOP,043ef409-236b-44a1-8299-dd8ac6066b22,2019-04-12 00:00:00,E_APPROVED,8c401a0f-393e-4683-9a5b-5130c053b473,1a58745e-0d1c-4bbb-b3e3-3e0b62f3223e,d67c6bda-49aa-4db9-a2c0-69d884506392,36c2f61f-307c-4a51-a150-0022d957f0d3,,,,71399
5f056710dc89b7165c3524cc,749a3f93-c1c9-4bca-9e36-99519b6a047d,E_STOP,31b31dc0-7ef4-4e05-bd9a-b1ffffc32606,2020-04-01 00:00:00,E_APPROVED,389e5bb9-c539-4939-ac4b-196ad137bb57,,,6fdeee1b-4bab-4155-95a9-005b5669eeae,,2020-04-01 09:10:03,61bb84ab-1178-48d5-be15-49e407e3a326,80222
5f056710dc89b7165c3524cd,09d2bbac-d333-4b97-8855-9bbdc90b2685,E_STOP,d9db3253-85f3-4b54-b2e2-02afcafb9ccf,2017-10-14 00:00:00,E_APPROVED,8b3c66fc-fb97-483c-b8a8-22c0b1c5cd4a,,,85b54972-10dc-4660-a518-00b6b840020a,,,,56039
5f056710dc89b7165c3524ce,1bce1a63-b091-4c54-b59a-9dda6ca75f7e,E_STOP,d3df08c1-d2bc-40a9-b0a1-76d9bff31533,2014-03-01 00:00:00,E_APPROVED,f5366287-fd64-4135-b8d9-1a24bd65482d,1a58745e-0d1c-4bbb-b3e3-3e0b62f3223e,d67c6bda-49aa-4db9-a2c0-69d884506392,cf01ad24-6fa0-425e-adca-004b367eec31,,,,36157
5f056710dc89b7165c3524cf,8fb2667b-d645-400d-bcf4-9edf4b473822,E_STOP,8b545eda-6ec6-46e1-a0c4-82a7c808f0c0,2018-04-30 00:00:00,E_APPROVED,b6500ca2-3560-45ca-895a-d7da86db65a4,1a58745e-0d1c-4bbb-b3e3-3e0b62f3223e,d67c6bda-49aa-4db9-a2c0-69d884506392,36c2f61f-307c-4a51-a150-0022d957f0d3,,,,61184
5f056710dc89b7165c3524d0,cb0e8e8f-fca3-4cad-8f2e-9ef31549e51c,E_STOP,d9db3253-85f3-4b54-b2e2-02afcafb9ccf,2019-11-06 00:00:00,E_APPROVED,079e0a40-c44d-4435-9b3a-fec5e52e174e,,,85b54972-10dc-4660-a518-00b6b840020a,,,5bea3822-41a1-4ee4-9589-5dc89fad234c,76538
5f056710dc89b7165c3524d1,aca0d58a-1c69-4d02-8c8b-a006a1180534,E_STOP,d3df08c1-d2bc-40a9-b0a1-76d9bff31533,2014-03-01 00:00:00,E_APPROVED,b2f8385a-fb68-49cb-8931-f8c1674b5258,1a58745e-0d1c-4bbb-b3e3-3e0b62f3223e,d67c6bda-49aa-4db9-a2c0-69d884506392,cf01ad24-6fa0-425e-adca-004b367eec31,,,,50107
5f056710dc89b7165c3524d2,ef741a27-fc19-4e27-a9cd-a0cadf7c833d,E_STOP,31b31dc0-7ef4-4e05-bd9a-b1ffffc32606,2019-06-17 00:00:00,E_APPROVED,877b0a77-4a3d-4350-9198-ff3d26d393cc,,,d1739d97-7fcf-433b-bcb9-00b023b3a35b,,2019-06-17 15:29:33,ec4383fd-9210-4f13-9bd3-7618229d86f2,73348
5f056710dc89b7165c3524d3,820a1eb0-355a-49b6-a781-a44d709611e0,E_STOP,31b31dc0-7ef4-4e05-bd9a-b1ffffc32606,2020-06-08 00:00:00,E_APPROVED,a863ba7a-a23e-4182-82f5-028f40122286,,,c13d45da-1956-439b-bd84-00c54ce3fa7b,,2020-06-08 00:00:00,28906e07-c67c-4d6d-b809-1cc6e62d9938,82376
5f056710dc89b7165c3524d4,7e0013c1-31ca-4ee2-887e-a46fe98fc3ba,E_STOP,d9db3253-85f3-4b54-b2e2-02afcafb9ccf,2016-07-18 00:00:00,E_APPROVED,8cd83850-f5ff-4905-a569-8b796a32046c,1a58745e-0d1c-4bbb-b3e3-3e0b62f3223e,d67c6bda-49aa-4db9-a2c0-69d884506392,cf01ad24-6fa0-425e-adca-004b367eec31,,2016-07-18 00:00:00,,43319
5f056710dc89b7165c3524d5,4668aef1-258d-4de6-8786-a82b9bf7e4e6,E_STOP,d3df08c1-d2bc-40a9-b0a1-76d9bff31533,2020-03-19 00:00:00,E_APPROVED,5c638812-3a22-4c92-a456-7111a2aa7f7a,,,1560d69a-b684-4762-913d-003400f3952e,,,81e808f3-5e36-48d4-a5e1-83a86628abc6,79408
5f056710dc89b7165c3524d6,d6d0fe1b-53cf-4551-815d-a9a52d33bc61,E_STOP,8b545eda-6ec6-46e1-a0c4-82a7c808f0c0,2016-09-16 00:00:00,E_APPROVED,ec0e2bf8-49a1-414d-92c3-d209dba8c8c3,1a58745e-0d1c-4bbb-b3e3-3e0b62f3223e,d67c6bda-49aa-4db9-a2c0-69d884506392,cf01ad24-6fa0-425e-adca-004b367eec31,,2016-09-16 00:00:00,,47759
5f056710dc89b7165c3524d7,d7fcac6e-2b2a-4112-8601-ab6c955de7c4,E_STOP,31b31dc0-7ef4-4e05-bd9a-b1ffffc32606,2018-08-31 00:00:00,E_APPROVED,8659f8e4-0bd7-45ea-9b2f-ac790bcf4dd8,6550c8c9-76ce-48d8-9d96-7f8bc19d1a32,d67c6bda-49aa-4db9-a2c0-69d884506392,d1739d97-7fcf-433b-bcb9-00b023b3a35b,,,,66302
5f056710dc89b7165c3524d8,ca3ef587-f485-41a9-be9e-abe08db9071a,E_STOP,8b545eda-6ec6-46e1-a0c4-82a7c808f0c0,2016-09-19 00:00:00,E_APPROVED,c3a843a4-fc13-468c-a73b-e3cb94bd4e22,,d67c6bda-49aa-4db9-a2c0-69d884506392,6fdeee1b-4bab-4155-95a9-005b5669eeae,,,,56862
5f056710dc89b7165c3524d9,bbba60da-62dc-4731-8f38-af547e087c1b,E_STOP,8b545eda-6ec6-46e1-a0c4-82a7c808f0c0,2018-03-31 00:00:00,E_APPROVED,01f382e3-76fd-4b3d-ad5e-e2ce987cfe63,e19b93ea-ea6b-46fa-80b5-2a594178f59f,d67c6bda-49aa-4db9-a2c0-69d884506392,36c2f61f-307c-4a51-a150-0022d957f0d3,,,,60340
5f056710dc89b7165c3524da,828a1764-7952-40bc-86c6-b21ea6387ec1,E_STOP,d9db3253-85f3-4b54-b2e2-02afcafb9ccf,2016-08-26 00:00:00,E_APPROVED,00be4831-4bd1-414e-86eb-c6cb3a7abb38,1a58745e-0d1c-4bbb-b3e3-3e0b62f3223e,d67c6bda-49aa-4db9-a2c0-69d884506392,cf01ad24-6fa0-425e-adca-004b367eec31,,2016-08-26 00:00:00,,47090
5f056710dc89b7165c3524db,548d1df2-aa88-4597-816e-b4cc4a1d151d,E_STOP,,2019-04-03 00:00:00,E_APPROVED,86c074e5-7fd7-4711-8827-9a7e9616cefb,fe3874db-c165-4392-9525-49dc5baa202e,d351e3f7-b450-49ab-b6da-aaae0f3d3382,6fdeee1b-4bab-4155-95a9-005b5669eeae,,,,71951
5f056710dc89b7165c3524dc,3ec0a948-3d3c-4d1b-8219-b5d1b38c340f,E_STOP,d3df08c1-d2bc-40a9-b0a1-76d9bff31533,2017-02-16 00:00:00,E_APPROVED,0e2b78a2-54b1-4f7a-ad8e-09b8aebdde84,,d67c6bda-49aa-4db9-a2c0-69d884506392,6fdeee1b-4bab-4155-95a9-005b5669eeae,,,,56868
5f056710dc89b7165c3524dd,be3b4bec-3532-4703-b3c9-b7888b67ba13,E_STOP,d9db3253-85f3-4b54-b2e2-02afcafb9ccf,2016-07-13 00:00:00,E_APPROVED,2c93787e-a707-48a1-bc87-f1d53ab7edba,1a58745e-0d1c-4bbb-b3e3-3e0b62f3223e,d67c6bda-49aa-4db9-a2c0-69d884506392,cf01ad24-6fa0-425e-adca-004b367eec31,,2016-07-13 00:00:00,,49680
5f056710dc89b7165c3524de,a5da9537-0abe-4c86-8d64-bd636d626236,E_STOP,d9db3253-85f3-4b54-b2e2-02afcafb9ccf,2017-02-17 00:00:00,E_APPROVED,a8b77496-b81b-42b7-b31a-c1197ab16104,1a58745e-0d1c-4bbb-b3e3-3e0b62f3223e,d67c6bda-49aa-4db9-a2c0-69d884506392,cf01ad24-6fa0-425e-adca-004b367eec31,,,,51874
5f056710dc89b7165c3524df,a2c4db39-2492-4ab6-931e-be310458a2d9,E_STOP,31b31dc0-7ef4-4e05-bd9a-b1ffffc32606,2019-07-17 00:00:00,E_CANCEL,0e05d317-7938-42cb-82e7-84f3586ae12b,,,6fdeee1b-4bab-4155-95a9-005b5669eeae,,2019-07-17 11:07:06,81e808f3-5e36-48d4-a5e1-83a86628abc6,74031
5f056710dc89b7165c3524e0,5eb3e943-7506-4d02-84df-be372808c505,E_STOP,f2c0c0e3-dbf9-48bb-a9ce-c87476bdd55d,2017-03-30 00:00:00,E_APPROVED,5c01dc5d-ee5e-46b3-b20d-69814963ac12,ab0a7182-3358-40d1-b236-5d6ad0ca51fa,d67c6bda-49aa-4db9-a2c0-69d884506392,85b54972-10dc-4660-a518-00b6b840020a,,,,51394
5f056710dc89b7165c3524e1,ff9abf1f-9f77-4e2e-9998-bebd5a928eab,E_STOP,8b545eda-6ec6-46e1-a0c4-82a7c808f0c0,2019-04-22 00:00:00,E_APPROVED,e355c683-a461-4fbe-b601-2001818de4ae,27e0bb8a-d24c-42a2-aaeb-8944d5cee2fa,d67c6bda-49aa-4db9-a2c0-69d884506392,36c2f61f-307c-4a51-a150-0022d957f0d3,,2019-04-22 00:00:00,,71701
5f056710dc89b7165c3524e2,295f29b0-a06c-4ee4-8903-bf0e0a1750fd,E_STOP,d9db3253-85f3-4b54-b2e2-02afcafb9ccf,2016-08-19 00:00:00,E_APPROVED,319c51b6-ec03-43eb-84e9-8f1a99bd3c39,1a58745e-0d1c-4bbb-b3e3-3e0b62f3223e,d67c6bda-49aa-4db9-a2c0-69d884506392,cf01ad24-6fa0-425e-adca-004b367eec31,,2016-08-19 00:00:00,,43554
5f056710dc89b7165c3524e3,abd5bb21-2d62-4502-9c7a-bf1f415cf951,E_STOP,8b545eda-6ec6-46e1-a0c4-82a7c808f0c0,2017-05-05 00:00:00,E_APPROVED,1c1d2580-0f61-46b2-bf91-006b68bf3f80,ab0a7182-3358-40d1-b236-5d6ad0ca51fa,d67c6bda-49aa-4db9-a2c0-69d884506392,85b54972-10dc-4660-a518-00b6b840020a,,2017-05-05 00:00:00,,53222
5f056710dc89b7165c3524e4,c667f7ab-8b8e-4bdd-8a83-c467f2cba0c4,E_STOP,d9db3253-85f3-4b54-b2e2-02afcafb9ccf,2017-03-28 00:00:00,E_APPROVED,02974769-fa87-4c5d-b404-87726f7cc6fc,1a58745e-0d1c-4bbb-b3e3-3e0b62f3223e,d67c6bda-49aa-4db9-a2c0-69d884506392,cf01ad24-6fa0-425e-adca-004b367eec31,,,,53039
5f056710dc89b7165c3524e5,f4c20efe-c66c-450a-b0dd-c4e2cc31ae2f,E_STOP,d3df08c1-d2bc-40a9-b0a1-76d9bff31533,2014-03-01 00:00:00,E_APPROVED,8c8c17c7-a19a-4d82-8ff3-c4f26b8d5264,d8fa1a14-9c44-4df1-bece-4bf115384f7b,d351e3f7-b450-49ab-b6da-aaae0f3d3382,cf01ad24-6fa0-425e-adca-004b367eec31,,,,46950
5f056710dc89b7165c3524e6,c4f64ae3-60c8-49ed-b981-c7eb17cef062,E_STOP,8b545eda-6ec6-46e1-a0c4-82a7c808f0c0,2019-03-01 00:00:00,E_APPROVED,7c137d53-95e5-4feb-b0de-5c004d5beda6,1a58745e-0d1c-4bbb-b3e3-3e0b62f3223e,d67c6bda-49aa-4db9-a2c0-69d884506392,6fdeee1b-4bab-4155-95a9-005b5669eeae,,,,70385
5f056710dc89b7165c3524e7,0543e75d-5527-49e5-a2a3-c9be22014396,E_STOP,d9db3253-85f3-4b54-b2e2-02afcafb9ccf,2016-07-19 00:00:00,E_APPROVED,6d681e8a-424c-4cf5-96a0-2e4029d7c407,1a58745e-0d1c-4bbb-b3e3-3e0b62f3223e,d67c6bda-49aa-4db9-a2c0-69d884506392,cf01ad24-6fa0-425e-adca-004b367eec31,,2016-07-19 00:00:00,,37409
5f056710dc89b7165c3524e8,0ad104e3-5d88-455f-bb92-ca6b98ca2d18,E_STOP,8b545eda-6ec6-46e1-a0c4-82a7c808f0c0,2019-03-22 00:00:00,E_APPROVED,13a92734-4218-403d-9caa-3a8c98ec7af5,45ef72c6-d285-4aea-83bd-8139c21623b0,d67c6bda-49aa-4db9-a2c0-69d884506392,6fdeee1b-4bab-4155-95a9-005b5669eeae,,,,70887
5f056710dc89b7165c3524e9,11980ea3-c8e9-4999-8564-ca73381d15fb,E_STOP,8b545eda-6ec6-46e1-a0c4-82a7c808f0c0,2018-03-25 00:00:00,E_APPROVED,bd6430e5-89fc-4f81-b4bb-18cf66912aec,1a58745e-0d1c-4bbb-b3e3-3e0b62f3223e,d67c6bda-49aa-4db9-a2c0-69d884506392,36c2f61f-307c-4a51-a150-0022d957f0d3,,,,60318
5f056710dc89b7165c3524ea,c13b1880-2ffc-44c5-a774-cb263449944e,E_STOP,d9db3253-85f3-4b54-b2e2-02afcafb9ccf,2015-05-21 00:00:00,E_APPROVED,939332c1-d04c-4539-bf1f-2a1e1cf29785,1a58745e-0d1c-4bbb-b3e3-3e0b62f3223e,746df068-4b43-4e97-99f8-6ab764b9ae2b,cf01ad24-6fa0-425e-adca-004b367eec31,,,,37158
5f056710dc89b7165c3524eb,e1247c26-59de-476a-8f72-cb9022ff25a7,E_STOP,043ef409-236b-44a1-8299-dd8ac6066b22,2018-07-16 00:00:00,E_APPROVED,cb4b2f3d-61a0-4d66-9b28-7751472da2d0,9b2088e1-7311-4cc3-bdbc-2fcd310f233c,746df068-4b43-4e97-99f8-6ab764b9ae2b,1560d69a-b684-4762-913d-003400f3952e,,,,64185
5f056710dc89b7165c3524ec,24561a60-a1d5-488f-9710-cd945255b5f9,E_STOP,31b31dc0-7ef4-4e05-bd9a-b1ffffc32606,2020-04-17 00:00:00,E_APPROVED,b9346edc-31a1-400a-b4cb-33184496ffc2,,,6fdeee1b-4bab-4155-95a9-005b5669eeae,,2020-04-17 15:28:42,28906e07-c67c-4d6d-b809-1cc6e62d9938,81057
5f056710dc89b7165c3524ed,5e67ac5d-a6cb-42e1-98a1-d26495739c1c,E_STOP,f2c0c0e3-dbf9-48bb-a9ce-c87476bdd55d,2020-02-06 00:00:00,E_APPROVED,5ce57a95-8300-42ff-9cfd-e80700e079e5,,,85b54972-10dc-4660-a518-00b6b840020a,,2020-02-05 00:00:00,3803eb54-48a1-4571-a272-f369dffe61b0,77699
5f056710dc89b7165c3524ee,6003b53e-101c-497e-a1f8-d59fd269ddb2,E_STOP,d9db3253-85f3-4b54-b2e2-02afcafb9ccf,2017-06-06 00:00:00,E_APPROVED,e174ea0f-d7a1-4939-b1f4-9127ead1050c,1a58745e-0d1c-4bbb-b3e3-3e0b62f3223e,d67c6bda-49aa-4db9-a2c0-69d884506392,cf01ad24-6fa0-425e-adca-004b367eec31,,,,55012
5f056710dc89b7165c3524ef,f1ed2729-87fb-49d0-af64-d67cd4e82be8,E_STOP,,2020-01-13 00:00:00,E_APPROVED,2c1fc060-c66e-4cde-9e50-fa1fdeb9342a,,,d1739d97-7fcf-433b-bcb9-00b023b3a35b,,2020-01-13 09:32:56,3803eb54-48a1-4571-a272-f369dffe61b0,78014
5f056710dc89b7165c3524f0,7c283adf-2af1-4a28-be07-d95221f87cf8,E_STOP,d3df08c1-d2bc-40a9-b0a1-76d9bff31533,2016-07-25 00:00:00,E_APPROVED,0bb1628c-8c53-4be2-a65e-c975afadfbd1,1a58745e-0d1c-4bbb-b3e3-3e0b62f3223e,d67c6bda-49aa-4db9-a2c0-69d884506392,cf01ad24-6fa0-425e-adca-004b367eec31,,2016-07-25 00:00:00,,47251
5f056710dc89b7165c3524f1,9fde4aaf-1743-4b49-b599-d9f95a9f45c0,E_STOP,d3df08c1-d2bc-40a9-b0a1-76d9bff31533,2014-03-01 00:00:00,E_APPROVED,08b789ec-4247-464d-995e-97f09edadf54,1a58745e-0d1c-4bbb-b3e3-3e0b62f3223e,d67c6bda-49aa-4db9-a2c0-69d884506392,cf01ad24-6fa0-425e-adca-004b367eec31,,,,44127
5f056710dc89b7165c3524f2,500c79bb-a213-41e2-ba8b-db8c2478de7c,E_STOP,d9db3253-85f3-4b54-b2e2-02afcafb9ccf,2015-05-02 00:00:00,E_APPROVED,3c8a817a-a169-46b4-a5bc-2e976051c1fb,a150e665-110e-454a-9263-37b9478eec86,d67c6bda-49aa-4db9-a2c0-69d884506392,cf01ad24-6fa0-425e-adca-004b367eec31,,2015-05-07 00:00:00,,37431
5f056710dc89b7165c3524f3,d635e8a9-b30e-45a0-a37c-dd4a76bed469,E_STOP,d3df08c1-d2bc-40a9-b0a1-76d9bff31533,2017-04-20 00:00:00,E_APPROVED,f464e9fb-80a7-41d8-8670-a7b48b7774c9,,,6fdeee1b-4bab-4155-95a9-005b5669eeae,,,,56875
5f056710dc89b7165c3524f4,45bbe996-def1-4e05-ba0f-df53324eb725,E_STOP,f2c0c0e3-dbf9-48bb-a9ce-c87476bdd55d,2017-11-22 00:00:00,E_APPROVED,19926f50-86a1-43da-9d85-92edb728ad65,,,85b54972-10dc-4660-a518-00b6b840020a,,,,58035
5f056710dc89b7165c3524f5,1a857fe3-1192-4d6a-aa21-dfe19e8c94bc,E_STOP,d9db3253-85f3-4b54-b2e2-02afcafb9ccf,2014-10-31 00:00:00,E_APPROVED,51ca616a-b676-4fdd-8e76-1eaa0c641e0f,1a58745e-0d1c-4bbb-b3e3-3e0b62f3223e,d67c6bda-49aa-4db9-a2c0-69d884506392,cf01ad24-6fa0-425e-adca-004b367eec31,,,,36437
5f056710dc89b7165c3524f6,24e850bf-831a-4a01-ac91-e040d760307d,E_STOP,f2c0c0e3-dbf9-48bb-a9ce-c87476bdd55d,2020-07-17 00:00:00,E_APPROVED,279804c5-23e7-40eb-880d-8f5cc1dd74c7,,,ac55f1cc-3150-4243-9860-5ff2c9de406d,,,3803eb54-48a1-4571-a272-f369dffe61b0,82647
5f056710dc89b7165c3524f7,6a3e6b72-2d4f-4269-bd00-e0f7ca8c8117,E_STOP,d9db3253-85f3-4b54-b2e2-02afcafb9ccf,2015-08-24 00:00:00,E_APPROVED,2dc44485-c2bd-40c0-9720-ad9f828479eb,1a58745e-0d1c-4bbb-b3e3-3e0b62f3223e,d67c6bda-49aa-4db9-a2c0-69d884506392,cf01ad24-6fa0-425e-adca-004b367eec31,,2015-08-29 00:00:00,,45488
5f056710dc89b7165c3524f8,d7204c8d-9ca5-407d-a73f-e4d407e3c750,E_STOP,8b545eda-6ec6-46e1-a0c4-82a7c808f0c0,2017-02-17 00:00:00,E_APPROVED,9272769a-28da-4506-8034-727643e1463e,,,6fdeee1b-4bab-4155-95a9-005b5669eeae,,,,56874
5f056710dc89b7165c3524f9,411e0092-ba76-4e47-b57b-e699e194af19,E_STOP,d3df08c1-d2bc-40a9-b0a1-76d9bff31533,2014-03-01 00:00:00,E_APPROVED,727bd736-a73f-48bb-8e7f-99e044aacaed,a150e665-110e-454a-9263-37b9478eec86,d67c6bda-49aa-4db9-a2c0-69d884506392,cf01ad24-6fa0-425e-adca-004b367eec31,,,,44264
5f056710dc89b7165c3524fa,ba86d313-2b7e-47e5-863f-ee37a9c7f2e1,E_STOP,d9db3253-85f3-4b54-b2e2-02afcafb9ccf,2015-07-15 00:00:00,E_APPROVED,f48d5613-c55d-49da-a423-b25b4032d209,1a58745e-0d1c-4bbb-b3e3-3e0b62f3223e,d67c6bda-49aa-4db9-a2c0-69d884506392,cf01ad24-6fa0-425e-adca-004b367eec31,,2015-07-20 00:00:00,,45782
5f056710dc89b7165c3524fb,9f576c71-c6e4-486a-9f5c-ef5dd2d4a157,E_STOP,f2c0c0e3-dbf9-48bb-a9ce-c87476bdd55d,2019-03-01 00:00:00,E_APPROVED,2082f7fb-4984-4d65-946f-42cb63751cf9,,,85b54972-10dc-4660-a518-00b6b840020a,,2019-03-20 00:00:00,,69982
5f056710dc89b7165c3524fc,ed7155e3-328f-4e41-b968-f2af87468ad5,E_STOP,8b545eda-6ec6-46e1-a0c4-82a7c808f0c0,2016-09-09 00:00:00,E_APPROVED,57d0978c-8300-4a02-bfc1-df493c79bde0,1a58745e-0d1c-4bbb-b3e3-3e0b62f3223e,d67c6bda-49aa-4db9-a2c0-69d884506392,cf01ad24-6fa0-425e-adca-004b367eec31,,2016-09-09 00:00:00,,48563
5f056710dc89b7165c3524fd,ce8b2265-cb46-4e59-9e5d-f4b3309f8e4f,E_STOP,043ef409-236b-44a1-8299-dd8ac6066b22,2020-06-11 00:00:00,E_APPROVED,b002447c-62e9-4b3a-92e9-97d5acd72d84,,,85b54972-10dc-4660-a518-00b6b840020a,,,ec4383fd-9210-4f13-9bd3-7618229d86f2,82347
5f056710dc89b7165c3524fe,6c8057ec-6684-4e16-aeab-f51069ca9f36,E_STOP,f2c0c0e3-dbf9-48bb-a9ce-c87476bdd55d,2018-02-20 00:00:00,E_APPROVED,94e6eccc-08ed-47b9-b4e5-3874307ebc53,ab0a7182-3358-40d1-b236-5d6ad0ca51fa,d67c6bda-49aa-4db9-a2c0-69d884506392,85b54972-10dc-4660-a518-00b6b840020a,,,,58764
5f056710dc89b7165c3524ff,0d417b8f-51b9-4840-a2e7-f81d69f48b87,E_STOP,31b31dc0-7ef4-4e05-bd9a-b1ffffc32606,2018-11-16 00:00:00,E_APPROVED,cbae13b7-0ef5-485f-99e1-2be92d420f75,6550c8c9-76ce-48d8-9d96-7f8bc19d1a32,d67c6bda-49aa-4db9-a2c0-69d884506392,d1739d97-7fcf-433b-bcb9-00b023b3a35b,,,,68456
5f056710dc89b7165c352500,59c1d851-928d-4067-b371-fbb8b5254db0,E_STOP,d3df08c1-d2bc-40a9-b0a1-76d9bff31533,2016-07-25 00:00:00,E_APPROVED,4cc8900f-f65c-4d61-9e4a-cc02b6a350cc,1a58745e-0d1c-4bbb-b3e3-3e0b62f3223e,d67c6bda-49aa-4db9-a2c0-69d884506392,cf01ad24-6fa0-425e-adca-004b367eec31,,2016-07-25 00:00:00,,47391
5f056710dc89b7165c352501,88a0fc83-ca8f-4b40-a0a0-fc67914af3fe,E_STOP,d9db3253-85f3-4b54-b2e2-02afcafb9ccf,2016-05-14 00:00:00,E_APPROVED,159f28c5-a07e-45ea-8d96-a4edfddfe6df,1a58745e-0d1c-4bbb-b3e3-3e0b62f3223e,d67c6bda-49aa-4db9-a2c0-69d884506392,cf01ad24-6fa0-425e-adca-004b367eec31,,2016-05-14 00:00:00,,44941
5f056710dc89b7165c352502,ab447983-58e4-4a93-9498-fcbb93c0d9a4,E_STOP,d9db3253-85f3-4b54-b2e2-02afcafb9ccf,2017-08-17 00:00:00,E_APPROVED,0770a116-eead-4ae7-b8dd-ac0845eda77a,1a58745e-0d1c-4bbb-b3e3-3e0b62f3223e,d67c6bda-49aa-4db9-a2c0-69d884506392,cf01ad24-6fa0-425e-adca-004b367eec31,,,,55104
5f056710dc89b7165c352503,384359e6-192b-43b6-b8e5-fddc74a8ba77,E_STOP,b629bf20-4e11-4181-beff-333447233f0b,2018-08-03 00:00:00,E_APPROVED,4c36d560-0a48-405b-a1ff-a86744c2d24b,45ef72c6-d285-4aea-83bd-8139c21623b0,d67c6bda-49aa-4db9-a2c0-69d884506392,6fdeee1b-4bab-4155-95a9-005b5669eeae,,,,66543
5f056710dc89b7165c352504,b34413a0-ae12-4c4f-8782-ff950f010699,E_STOP,d9db3253-85f3-4b54-b2e2-02afcafb9ccf,2016-08-26 00:00:00,E_APPROVED,f084c356-dec6-4d81-95df-f40a3ae0b37e,1a58745e-0d1c-4bbb-b3e3-3e0b62f3223e,d67c6bda-49aa-4db9-a2c0-69d884506392,cf01ad24-6fa0-425e-adca-004b367eec31,,2016-08-26 00:00:00,,49810
