_id/$oid,ID,Code,ProfileID,DateEffective,OrganizationStructureID,PositionID,CostCentreID,LaborType,EmployeeTypeID,PayrollGroupID,WorkLocation,JobTitleID,Status,LocationCode,OrgOld,PositionOld,LaborTypeOld,CostCentreOld,PayrollGroupOld,WorkLocationOld,LocationCodeOld,JobTitleOld,EmployeeTypeOld,SupervisorOld,CodeOld,OrgStructureOldID,CompanyID,WorkPlaceID,SortID
5f056710dc89b7165c352505,dac993d6-73dd-450a-83d9-0208926c1adb,,4c9463a2-c992-48d7-915f-811ae201f2c8,6/25/2020 0:00,1560d69a-b684-4762-913d-003400f3952e,746df068-4b43-4e97-99f8-6ab764b9ae2b,,,,,,b94f4355-f566-423c-b2e3-ae2654091c1c,E_APPROVED,,,Công nhân,,,,Nhà máy may xuất khẩu Phong Phú Long An,,Công nhân kiểm tra chất lượng (đo thông số),,,,14e435cd-089c-47d5-972e-f13155814a10,2d6506e5-83a7-4876-99eb-8e3258ee7243,0ad27857-c499-4ec6-a779-4f74d6298209,108014
5f056710dc89b7165c352506,ba8b4524-a822-491c-a3e4-0269063b0bfc,,79f2f545-fce5-46d2-b03f-4c575f39e58c,5/7/2019 0:00,a6e73089-7117-45b0-a4fd-a9a37ca6c6dc,d67c6bda-49aa-4db9-a2c0-69d884506392,,E_DIRECT,044a3a4f-5556-4007-b48a-7976adec345c,,,1a58745e-0d1c-4bbb-b3e3-3e0b62f3223e,E_APPROVED,,,Công nhân,E_DIRECT,,,,,Công nhân vận hành máy may (May công nghiệp),Công nhân trực tiếp sản xuất,,,36c2f61f-307c-4a51-a150-0022d957f0d3,2d6506e5-83a7-4876-99eb-8e3258ee7243,0ad27857-c499-4ec6-a779-4f74d6298209,80675
5f056710dc89b7165c352507,e65f465e-2994-4e94-90c6-034c28da76d8,,b82f829a-1f4f-49a6-a120-47dc5b939022,9/17/2015 0:00,d1739d97-7fcf-433b-bcb9-00b023b3a35b,d67c6bda-49aa-4db9-a2c0-69d884506392,,E_DIRECT,044a3a4f-5556-4007-b48a-7976adec345c,5bb552bd-f00c-4784-89e2-5f552bf7a540,,656beeda-e5f2-4e55-bad6-5230a8d918f0,E_APPROVED,,,,,,,,,,,,,,25e62c81-cb1a-4273-86e0-77593daff184,,502
5f056710dc89b7165c352508,59a97770-60bf-47b9-b470-04ab64c717af,,9272769a-28da-4506-8034-727643e1463e,2/9/2017 0:00,6fdeee1b-4bab-4155-95a9-005b5669eeae,,,,,,,,E_APPROVED,,,,,,,,,,,,,,bc59c03f-8774-470f-90de-91c899280f1e,,45910
5f056710dc89b7165c352509,e708db6a-4f52-470e-b03d-05a668a7e893,,a65af4f7-857d-43a5-8ca6-1d761127b646,5/21/2020 0:00,85b54972-10dc-4660-a518-00b6b840020a,d67c6bda-49aa-4db9-a2c0-69d884506392,,,,,,d503b3e6-b9c5-484e-9ace-e9e50b1463ed,E_APPROVED,,,Công nhân,,,,,,Công nhân mài quần bò (giao nhận),,,,85b54972-10dc-4660-a518-00b6b840020a,ca996696-1290-46bc-a4bb-c74b26ae56bd,,104387
5f056710dc89b7165c35250a,6108cdd5-8b94-4062-8186-05b4a3e1d943,,e98786f5-c9c2-439a-87f2-3594893ea0e1,3/11/2015 0:00,85b54972-10dc-4660-a518-00b6b840020a,d67c6bda-49aa-4db9-a2c0-69d884506392,,E_DIRECT,044a3a4f-5556-4007-b48a-7976adec345c,5bb552bd-f00c-4784-89e2-5f552bf7a540,,ab0a7182-3358-40d1-b236-5d6ad0ca51fa,E_APPROVED,,Bộ phận thời trang ,Công nhân,,,,,,"Công nhân mài, chà quần bò",,,,,ca996696-1290-46bc-a4bb-c74b26ae56bd,,848
5f056710dc89b7165c35250b,8f9b23be-89aa-4b35-8a16-0639a560215a,,d094fa03-aa6e-4abc-9937-cfa04e682e11,7/5/2019 0:00,6fdeee1b-4bab-4155-95a9-005b5669eeae,d67c6bda-49aa-4db9-a2c0-69d884506392,,,,db18a177-006e-4caa-a9ef-77fcb5b7dae2,,1a58745e-0d1c-4bbb-b3e3-3e0b62f3223e,E_APPROVED,,,,,,,,,,,,,,bc59c03f-8774-470f-90de-91c899280f1e,,85547
5f056710dc89b7165c35250c,1e8bf0a4-db2c-4afb-b3f2-0c453f91b288,,e75e6e2d-2b98-443d-bb75-2fa047657e3f,8/24/2017 0:00,85b54972-10dc-4660-a518-00b6b840020a,d67c6bda-49aa-4db9-a2c0-69d884506392,,,,5bb552bd-f00c-4784-89e2-5f552bf7a540,,15d35f43-96a6-4b55-866b-c86832a34d9f,E_APPROVED,,,,,,,,,,,,,,ca996696-1290-46bc-a4bb-c74b26ae56bd,,52586
5f056710dc89b7165c35250d,e2e043f1-7d13-4a77-adaa-0e3dff953337,,4b85fc3e-f085-4fa7-a9d6-31640eb9407d,8/24/2016 0:00,6fdeee1b-4bab-4155-95a9-005b5669eeae,d67c6bda-49aa-4db9-a2c0-69d884506392,,,,db18a177-006e-4caa-a9ef-77fcb5b7dae2,,,E_APPROVED,,,,,,,,,,,,,,bc59c03f-8774-470f-90de-91c899280f1e,,38448
5f056710dc89b7165c35250e,f0199265-a357-42ec-8e73-0f2bb0bce289,,3c923bcc-89c4-458e-8980-2790203fdb5e,9/17/2015 0:00,d1739d97-7fcf-433b-bcb9-00b023b3a35b,d67c6bda-49aa-4db9-a2c0-69d884506392,,E_DIRECT,044a3a4f-5556-4007-b48a-7976adec345c,5bb552bd-f00c-4784-89e2-5f552bf7a540,,6550c8c9-76ce-48d8-9d96-7f8bc19d1a32,E_APPROVED,,,,,,,,,,,,,,25e62c81-cb1a-4273-86e0-77593daff184,,2302
5f056710dc89b7165c35250f,28764c20-bf65-44e8-8676-0fce438c8d5f,,389e5bb9-c539-4939-ac4b-196ad137bb57,4/1/2020 0:00,6fdeee1b-4bab-4155-95a9-005b5669eeae,d67c6bda-49aa-4db9-a2c0-69d884506392,,,,db18a177-006e-4caa-a9ef-77fcb5b7dae2,,45ef72c6-d285-4aea-83bd-8139c21623b0,E_APPROVED,,,Công nhân,,,Bảng lương nhân viên chính thức,,,Công nhân sửa hàng (sản phẩm may mặc),,,,6fdeee1b-4bab-4155-95a9-005b5669eeae,bc59c03f-8774-470f-90de-91c899280f1e,,101448
5f056710dc89b7165c352510,acb725cb-9907-41f9-b4e9-11864393a707,,85bcc305-aa6c-41e7-8d63-f0ef9aac9542,6/8/2020 0:00,85b54972-10dc-4660-a518-00b6b840020a,d67c6bda-49aa-4db9-a2c0-69d884506392,,,,5bb552bd-f00c-4784-89e2-5f552bf7a540,,b0f28250-df01-46d4-88a8-9b0da8d8e89d,E_APPROVED,,,Công nhân,,,Payroll TGN123,,,Công nhân mài quần bò (Kỹ thuật khô),,,,ac55f1cc-3150-4243-9860-5ff2c9de406d,ca996696-1290-46bc-a4bb-c74b26ae56bd,,107691
5f056710dc89b7165c352511,7335e24b-2289-4791-8dad-137f2d9e3d9a,,b3580e02-b5b7-4935-90d3-8af2ffdfd919,2/5/2020 0:00,85b54972-10dc-4660-a518-00b6b840020a,d67c6bda-49aa-4db9-a2c0-69d884506392,,,,,,15d35f43-96a6-4b55-866b-c86832a34d9f,E_APPROVED,,,Công nhân,,,,,,Công nhân mài quần bò (Lấy dấu),,,,85b54972-10dc-4660-a518-00b6b840020a,ca996696-1290-46bc-a4bb-c74b26ae56bd,,96829
5f056710dc89b7165c352512,836cae3e-0d3c-4854-9a81-1548ac375803,,ad39dadb-0597-4c21-852a-a37d69b2d5ff,3/13/2018 0:00,d1739d97-7fcf-433b-bcb9-00b023b3a35b,d67c6bda-49aa-4db9-a2c0-69d884506392,,E_DIRECT,044a3a4f-5556-4007-b48a-7976adec345c,1d101557-8951-4583-a5b8-6c24e75ebed3,,6550c8c9-76ce-48d8-9d96-7f8bc19d1a32,E_APPROVED,,,,,,,,,,,,,,25e62c81-cb1a-4273-86e0-77593daff184,,57421
5f056710dc89b7165c352513,ccfc48b0-6b8b-4a9e-a854-19595ce8db76,,c7c2534d-3081-48fd-ad91-48c16bfe4727,5/7/2012 0:00,85b54972-10dc-4660-a518-00b6b840020a,d67c6bda-49aa-4db9-a2c0-69d884506392,,,,db18a177-006e-4caa-a9ef-77fcb5b7dae2,Nhà máy Thời trang Phong Phú,545793ea-c526-4f82-856a-aba923c63fc3,E_APPROVED,,TT lấy dấu,Công nhân,,,,Nhà máy Thời trang Phong Phú,,"Công nhân mài, chà quần bò",,,,,ca996696-1290-46bc-a4bb-c74b26ae56bd,2abfc415-6145-4238-92d7-f1997411f7e4,3780
5f056710dc89b7165c352514,18d04d54-be69-4977-85ec-1d57f903e4e9,,4d3e64fa-e5b5-4d6d-87e8-4bb60dde3a0d,2/13/2019 0:00,36c2f61f-307c-4a51-a150-0022d957f0d3,d67c6bda-49aa-4db9-a2c0-69d884506392,,,,,,1a58745e-0d1c-4bbb-b3e3-3e0b62f3223e,E_APPROVED,,,,,,,,,,,,,,2d6506e5-83a7-4876-99eb-8e3258ee7243,,75238
5f056710dc89b7165c352515,0786ff41-1b5c-47e6-8698-1dcc26b13e04,,c078ee00-e64c-4b12-b838-2cace694f81f,2/21/2011 0:00,cf01ad24-6fa0-425e-adca-004b367eec31,746df068-4b43-4e97-99f8-6ab764b9ae2b,,,,db18a177-006e-4caa-a9ef-77fcb5b7dae2,,1a58745e-0d1c-4bbb-b3e3-3e0b62f3223e,E_APPROVED,,,,,,,,,,,,,,2a296a88-4d21-422e-94aa-d91aa6553156,,4399
5f056710dc89b7165c352516,5e97b404-5073-416c-8b2b-1dd9171396bd,,b6500ca2-3560-45ca-895a-d7da86db65a4,6/26/2012 0:00,36c2f61f-307c-4a51-a150-0022d957f0d3,d67c6bda-49aa-4db9-a2c0-69d884506392,,,,db18a177-006e-4caa-a9ef-77fcb5b7dae2,,1a58745e-0d1c-4bbb-b3e3-3e0b62f3223e,E_APPROVED,,,,,,,,,,,,,,2d6506e5-83a7-4876-99eb-8e3258ee7243,0ad27857-c499-4ec6-a779-4f74d6298209,4406
5f056710dc89b7165c352517,fe7ff507-ee6a-4303-bb06-1f23533d90e6,,fbc24950-feb0-4db1-8601-e4976802e830,8/29/2016 0:00,6fdeee1b-4bab-4155-95a9-005b5669eeae,d67c6bda-49aa-4db9-a2c0-69d884506392,,,,db18a177-006e-4caa-a9ef-77fcb5b7dae2,,45ef72c6-d285-4aea-83bd-8139c21623b0,E_APPROVED,,,,,,,,,,,,,,bc59c03f-8774-470f-90de-91c899280f1e,,44201
5f056710dc89b7165c352518,0e18ed69-734f-4654-b5e7-1f2619c9c7ab,,04b24710-5d39-4384-99e0-38dcab49a42a,9/1/2019 0:00,85b54972-10dc-4660-a518-00b6b840020a,d67c6bda-49aa-4db9-a2c0-69d884506392,,,,,,15d35f43-96a6-4b55-866b-c86832a34d9f,E_APPROVED,,,Công nhân,,,,,,Công nhân mài quần bò (Lấy dấu),,,,85b54972-10dc-4660-a518-00b6b840020a,ca996696-1290-46bc-a4bb-c74b26ae56bd,,88900
5f056710dc89b7165c352519,25a18fd0-2e63-4dac-a2bc-1faaae227849,,cc11ece9-30ca-4393-8022-46db237dfbb9,9/13/2018 0:00,6fdeee1b-4bab-4155-95a9-005b5669eeae,d67c6bda-49aa-4db9-a2c0-69d884506392,,,,,,1a58745e-0d1c-4bbb-b3e3-3e0b62f3223e,E_APPROVED,,,,,,,,,,,,,,bc59c03f-8774-470f-90de-91c899280f1e,,70579
5f056710dc89b7165c35251a,0aebfcb1-2f1a-43ca-bca2-2053f38080d5,,0770a116-eead-4ae7-b8dd-ac0845eda77a,6/28/2017 0:00,cf01ad24-6fa0-425e-adca-004b367eec31,d67c6bda-49aa-4db9-a2c0-69d884506392,,E_DIRECT,044a3a4f-5556-4007-b48a-7976adec345c,,,1a58745e-0d1c-4bbb-b3e3-3e0b62f3223e,E_APPROVED,,,,,,,,,,,,,,2a296a88-4d21-422e-94aa-d91aa6553156,,51072
5f056710dc89b7165c35251b,7892a4a3-9ba0-48f8-9c99-207b30bb4b4d,,b9346edc-31a1-400a-b4cb-33184496ffc2,4/17/2020 0:00,6fdeee1b-4bab-4155-95a9-005b5669eeae,5c542667-6e02-481b-9035-ac102ca65531,,,,,,fe3874db-c165-4392-9525-49dc5baa202e,E_APPROVED,,,Tổ trưởng,,,,,,Chuyền trưởng chuyền may (May công nghiệp),,,,6fdeee1b-4bab-4155-95a9-005b5669eeae,bc59c03f-8774-470f-90de-91c899280f1e,,102779
5f056710dc89b7165c35251c,b2714f23-6c92-405e-92e0-208123fbc8b1,,5c638812-3a22-4c92-a456-7111a2aa7f7a,2/10/2020 0:00,1560d69a-b684-4762-913d-003400f3952e,746df068-4b43-4e97-99f8-6ab764b9ae2b,,,,,,b94f4355-f566-423c-b2e3-ae2654091c1c,E_APPROVED,,,,,,,,,,,,,,2d6506e5-83a7-4876-99eb-8e3258ee7243,0ad27857-c499-4ec6-a779-4f74d6298209,96385
5f056710dc89b7165c35251d,5b36f27e-a857-451c-ada0-229541539d48,,c55fed7b-20d2-4b1f-84a8-7369d6c84504,12/15/2015 0:00,cf01ad24-6fa0-425e-adca-004b367eec31,d67c6bda-49aa-4db9-a2c0-69d884506392,,,044a3a4f-5556-4007-b48a-7976adec345c,db18a177-006e-4caa-a9ef-77fcb5b7dae2,,1a58745e-0d1c-4bbb-b3e3-3e0b62f3223e,E_APPROVED,,Chuyền đào tạo,Công nhân,,,,,,Công nhân vận hành máy may( May công nghiệp),,,,,2a296a88-4d21-422e-94aa-d91aa6553156,,5110
5f056710dc89b7165c35251e,4282ce26-2681-4a6a-be89-23d05bbe79d4,,6a0bdfb8-74d7-4dea-8bb4-ef29332af44a,6/8/2020 0:00,85b54972-10dc-4660-a518-00b6b840020a,d67c6bda-49aa-4db9-a2c0-69d884506392,,,,,,b0f28250-df01-46d4-88a8-9b0da8d8e89d,,,,Công nhân,,,,,,Công nhân mài quần bò (Kỹ thuật khô),,,,ac55f1cc-3150-4243-9860-5ff2c9de406d,ca996696-1290-46bc-a4bb-c74b26ae56bd,,107684
5f056710dc89b7165c35251f,c065a660-70ad-4ebe-9f24-2b8a308df4c4,,4fdb90f1-f286-45af-9d0c-5e7b671a9bfd,3/28/2017 0:00,cf01ad24-6fa0-425e-adca-004b367eec31,d67c6bda-49aa-4db9-a2c0-69d884506392,,E_DIRECT,044a3a4f-5556-4007-b48a-7976adec345c,,,1a58745e-0d1c-4bbb-b3e3-3e0b62f3223e,E_APPROVED,,,,,,,,,,,,,,2a296a88-4d21-422e-94aa-d91aa6553156,,47877
5f056710dc89b7165c352520,7244e7df-d725-4b93-a653-2d93625d01be,,75dac46b-c8a5-4ae3-8765-47ddfe864aa3,5/7/2020 0:00,6fdeee1b-4bab-4155-95a9-005b5669eeae,d67c6bda-49aa-4db9-a2c0-69d884506392,,,,,,1a58745e-0d1c-4bbb-b3e3-3e0b62f3223e,E_APPROVED,,,Công nhân,,,,,,Công nhân vận hành máy may (May công nghiệp),,,,6fdeee1b-4bab-4155-95a9-005b5669eeae,bc59c03f-8774-470f-90de-91c899280f1e,,103146
5f056710dc89b7165c352521,f766a5c3-7acf-4806-8a31-2eb79555a306,,8a195831-9ec7-4f1a-99aa-dcf7878ba036,6/29/2020 0:00,85b54972-10dc-4660-a518-00b6b840020a,d67c6bda-49aa-4db9-a2c0-69d884506392,,,,,,15d35f43-96a6-4b55-866b-c86832a34d9f,E_APPROVED,,,,,,,,,,,,,,ca996696-1290-46bc-a4bb-c74b26ae56bd,,107955
5f056710dc89b7165c352522,10804a14-128e-4d3c-927b-2ef70ab596ee,,5c01dc5d-ee5e-46b3-b20d-69814963ac12,5/12/2014 0:00,85b54972-10dc-4660-a518-00b6b840020a,d67c6bda-49aa-4db9-a2c0-69d884506392,,,044a3a4f-5556-4007-b48a-7976adec345c,db18a177-006e-4caa-a9ef-77fcb5b7dae2,Nhà máy Thời trang Phong Phú,ab0a7182-3358-40d1-b236-5d6ad0ca51fa,E_APPROVED,,Bộ phận thời trang ,Công nhân,,,,Nhà máy Thời trang Phong Phú,,"Công nhân mài, chà quần bò",,,,,ca996696-1290-46bc-a4bb-c74b26ae56bd,2abfc415-6145-4238-92d7-f1997411f7e4,6893
5f056710dc89b7165c352523,d8db998a-41e1-4276-b083-32e0989e1667,,94e6eccc-08ed-47b9-b4e5-3874307ebc53,6/30/2016 0:00,85b54972-10dc-4660-a518-00b6b840020a,d67c6bda-49aa-4db9-a2c0-69d884506392,,,,5bb552bd-f00c-4784-89e2-5f552bf7a540,Nhà máy Thời trang Phong Phú,15d35f43-96a6-4b55-866b-c86832a34d9f,E_APPROVED,,WK2,Công nhân,,,,Nhà máy Thời trang Phong Phú,,"Công nhân mài, chà quần bò",,,,,ca996696-1290-46bc-a4bb-c74b26ae56bd,2abfc415-6145-4238-92d7-f1997411f7e4,39113
5f056710dc89b7165c352524,b64872d1-770b-477f-bc02-352768e02cbe,,47301f52-679b-48fa-8e69-6aedff23e698,9/19/2016 0:00,cf01ad24-6fa0-425e-adca-004b367eec31,d67c6bda-49aa-4db9-a2c0-69d884506392,,,044a3a4f-5556-4007-b48a-7976adec345c,db18a177-006e-4caa-a9ef-77fcb5b7dae2,,1a58745e-0d1c-4bbb-b3e3-3e0b62f3223e,E_APPROVED,,,,,,,,,,,,,,2a296a88-4d21-422e-94aa-d91aa6553156,,43843
5f056710dc89b7165c352525,cf2205fc-6d52-40d2-9edf-3604dc67124c,,66302db5-7188-4d21-ade6-63f03967ca4b,6/18/2016 0:00,6fdeee1b-4bab-4155-95a9-005b5669eeae,d67c6bda-49aa-4db9-a2c0-69d884506392,,,,db18a177-006e-4caa-a9ef-77fcb5b7dae2,,,E_APPROVED,,,,,,,,,,,,,,bc59c03f-8774-470f-90de-91c899280f1e,,39170
5f056710dc89b7165c352526,8fd73362-9d4e-498d-8080-37d8d69f660d,,280e1ede-47ea-48c8-aa01-6b078dea92e2,6/4/2015 0:00,cf01ad24-6fa0-425e-adca-004b367eec31,d67c6bda-49aa-4db9-a2c0-69d884506392,,,044a3a4f-5556-4007-b48a-7976adec345c,db18a177-006e-4caa-a9ef-77fcb5b7dae2,,e19b93ea-ea6b-46fa-80b5-2a594178f59f,E_APPROVED,,Chuyền đào tạo,Công nhân,,,,,,Công nhân ủi bán thành phẩm,,,,,2a296a88-4d21-422e-94aa-d91aa6553156,,8191
5f056710dc89b7165c352527,dcc4158e-56c9-43b4-876a-392c55de59cb,,de591218-5a7e-460c-bfd3-c262b06ad761,3/29/2016 0:00,6fdeee1b-4bab-4155-95a9-005b5669eeae,d67c6bda-49aa-4db9-a2c0-69d884506392,,,,db18a177-006e-4caa-a9ef-77fcb5b7dae2,,45ef72c6-d285-4aea-83bd-8139c21623b0,E_APPROVED,,,,,,,,,,,,,,bc59c03f-8774-470f-90de-91c899280f1e,,39229
5f056710dc89b7165c352528,6edb20e0-3fdc-480e-8081-39b8814142d0,,279804c5-23e7-40eb-880d-8f5cc1dd74c7,6/8/2020 0:00,85b54972-10dc-4660-a518-00b6b840020a,d67c6bda-49aa-4db9-a2c0-69d884506392,,,,288b85f4-9d04-4442-97a8-117519e72d0b,,b0f28250-df01-46d4-88a8-9b0da8d8e89d,,,,Công nhân,,,Payroll TGN4,,,Công nhân mài quần bò (Kỹ thuật khô),,,,ac55f1cc-3150-4243-9860-5ff2c9de406d,ca996696-1290-46bc-a4bb-c74b26ae56bd,,107689
5f056710dc89b7165c352529,35c7885b-02cb-4f8f-b506-3cf49421b70d,,58d31ac7-7ec6-469d-b015-57703b5a5b3c,12/13/2016 0:00,cf01ad24-6fa0-425e-adca-004b367eec31,d67c6bda-49aa-4db9-a2c0-69d884506392,,E_DIRECT,044a3a4f-5556-4007-b48a-7976adec345c,,,1a58745e-0d1c-4bbb-b3e3-3e0b62f3223e,E_APPROVED,,,,,,,,,,,,,,2a296a88-4d21-422e-94aa-d91aa6553156,,45509
5f056710dc89b7165c35252a,fc3d166e-138d-4a25-bde0-3df8fc220d19,,9cc65277-ec24-41b9-bbc4-0a7a7f491315,12/2/2013 0:00,d1739d97-7fcf-433b-bcb9-00b023b3a35b,26a12389-6a49-4c25-97be-b6e85e65e6c9,,,,db18a177-006e-4caa-a9ef-77fcb5b7dae2,,51edce28-f97f-42b5-babb-fbc23ea3377b,E_APPROVED,,,,,,,,,,,,,,25e62c81-cb1a-4273-86e0-77593daff184,,9094
5f056710dc89b7165c35252b,e4eadd1e-96be-4ac2-a109-41fccc1a6ee6,,f374b768-2d81-443c-a97d-5d2faf2bb19e,11/22/2016 0:00,6fdeee1b-4bab-4155-95a9-005b5669eeae,d67c6bda-49aa-4db9-a2c0-69d884506392,,,,db18a177-006e-4caa-a9ef-77fcb5b7dae2,,45ef72c6-d285-4aea-83bd-8139c21623b0,E_APPROVED,,,,,,,,,,,,,,bc59c03f-8774-470f-90de-91c899280f1e,,45350
5f056710dc89b7165c35252c,b3b09b90-3081-4be0-a1ed-425cd3525323,,e174ea0f-d7a1-4939-b1f4-9127ead1050c,2/12/2017 0:00,cf01ad24-6fa0-425e-adca-004b367eec31,d67c6bda-49aa-4db9-a2c0-69d884506392,,,,,,1a58745e-0d1c-4bbb-b3e3-3e0b62f3223e,E_APPROVED,,,,,,,,,,,,,,2a296a88-4d21-422e-94aa-d91aa6553156,,45980
5f056710dc89b7165c35252d,2c1ea040-e8a9-4d28-a812-428ef3e5faa3,,aae6a549-1f0a-4aa5-b9f3-87cca92a4184,5/19/2018 0:00,85b54972-10dc-4660-a518-00b6b840020a,d67c6bda-49aa-4db9-a2c0-69d884506392,,,,5bb552bd-f00c-4784-89e2-5f552bf7a540,,15d35f43-96a6-4b55-866b-c86832a34d9f,E_APPROVED,,,,,,,,,,,,,,ca996696-1290-46bc-a4bb-c74b26ae56bd,,61007
5f056710dc89b7165c35252e,2a90d2f3-6bcf-4f82-af13-46159094e264,,f0a29e0d-ae38-4b3f-9f81-7c68c39e7b6e,10/2/2017 0:00,36c2f61f-307c-4a51-a150-0022d957f0d3,d67c6bda-49aa-4db9-a2c0-69d884506392,,E_DIRECT,044a3a4f-5556-4007-b48a-7976adec345c,,,e19b93ea-ea6b-46fa-80b5-2a594178f59f,E_APPROVED,,,,,,,,,,,,,,2d6506e5-83a7-4876-99eb-8e3258ee7243,,53454
5f056710dc89b7165c35252f,9ca73941-dea1-4169-b243-4626e0f70037,,4c70c3c0-a047-4d42-a7cc-c05a0ddb90b5,10/22/2019 0:00,6fdeee1b-4bab-4155-95a9-005b5669eeae,d67c6bda-49aa-4db9-a2c0-69d884506392,,,,db18a177-006e-4caa-a9ef-77fcb5b7dae2,,1a58745e-0d1c-4bbb-b3e3-3e0b62f3223e,E_APPROVED,,,,,,,,,,,,,,bc59c03f-8774-470f-90de-91c899280f1e,,91260
5f056710dc89b7165c352530,09bfaaf0-d5b3-4216-858c-4820bb4e1127,,a31e0eca-3461-40b0-8622-608250671328,6/15/2017 0:00,d1739d97-7fcf-433b-bcb9-00b023b3a35b,d67c6bda-49aa-4db9-a2c0-69d884506392,,,,5bb552bd-f00c-4784-89e2-5f552bf7a540,,8fd54684-0121-48b3-a4e4-f38f97938553,E_APPROVED,,,,,,,,,,,,,,25e62c81-cb1a-4273-86e0-77593daff184,,50766
5f056710dc89b7165c352531,9baa1ebd-c0d0-4266-a38f-493e9d735bb1,,94e6eccc-08ed-47b9-b4e5-3874307ebc53,10/9/2012 0:00,85b54972-10dc-4660-a518-00b6b840020a,d67c6bda-49aa-4db9-a2c0-69d884506392,,,,5bb552bd-f00c-4784-89e2-5f552bf7a540,Nhà máy Thời trang Phong Phú,ab0a7182-3358-40d1-b236-5d6ad0ca51fa,E_APPROVED,,WK3,Công nhân,,,,Nhà máy Thời trang Phong Phú,,"Công nhân mài, chà quần bò",,,,,ca996696-1290-46bc-a4bb-c74b26ae56bd,2abfc415-6145-4238-92d7-f1997411f7e4,10737
5f056710dc89b7165c352532,35da5dea-1ead-4d48-b1f9-4b7fc8d4a71c,,2c1fc060-c66e-4cde-9e50-fa1fdeb9342a,1/13/2020 0:00,d1739d97-7fcf-433b-bcb9-00b023b3a35b,d67c6bda-49aa-4db9-a2c0-69d884506392,,E_DIRECT,044a3a4f-5556-4007-b48a-7976adec345c,5bb552bd-f00c-4784-89e2-5f552bf7a540,,bc18107f-bb2c-496e-b6d7-25f43f4c69b5,E_APPROVED,,,Công nhân,E_DIRECT,,Payroll TGN123,,,Công nhân kiểm tra chất lượng (Phun hóa chất),Công nhân trực tiếp sản xuất,,,d1739d97-7fcf-433b-bcb9-00b023b3a35b,25e62c81-cb1a-4273-86e0-77593daff184,,96302
5f056710dc89b7165c352533,f3b56255-9557-45ef-a8f1-4cbda88ffbb1,,fdf679de-1b8a-4d98-abfb-973b967cad13,8/13/2016 0:00,6fdeee1b-4bab-4155-95a9-005b5669eeae,746df068-4b43-4e97-99f8-6ab764b9ae2b,,,,db18a177-006e-4caa-a9ef-77fcb5b7dae2,,,E_APPROVED,,,,,,,,,,,,,,bc59c03f-8774-470f-90de-91c899280f1e,,39577
5f056710dc89b7165c352534,2d70c147-0327-4810-a05f-4d309e3e38d1,,2d35bf42-60b5-4fa2-9686-c16d1e52f8af,7/25/2016 0:00,6fdeee1b-4bab-4155-95a9-005b5669eeae,,,,,db18a177-006e-4caa-a9ef-77fcb5b7dae2,,,E_APPROVED,,,,,,,,,,,,,,bc59c03f-8774-470f-90de-91c899280f1e,,39593
5f056710dc89b7165c352535,f7677ad6-139d-4bde-a0d1-4f2820cbdfdd,,2c1fc060-c66e-4cde-9e50-fa1fdeb9342a,12/15/2017 0:00,d1739d97-7fcf-433b-bcb9-00b023b3a35b,d67c6bda-49aa-4db9-a2c0-69d884506392,,E_DIRECT,044a3a4f-5556-4007-b48a-7976adec345c,5bb552bd-f00c-4784-89e2-5f552bf7a540,,bc18107f-bb2c-496e-b6d7-25f43f4c69b5,E_APPROVED,,,,,,,,,,,,,,25e62c81-cb1a-4273-86e0-77593daff184,,55326
5f056710dc89b7165c352536,6d575bb9-9084-4a50-9cd4-52e7e5923ae0,,f0b38ff1-aa05-4cd8-8f1b-d88eb59453f2,2/26/2019 0:00,36c2f61f-307c-4a51-a150-0022d957f0d3,d67c6bda-49aa-4db9-a2c0-69d884506392,,,,,,c85ac4aa-0b4a-40c1-a62a-d3a22823dca3,E_APPROVED,,,,,,,,,,,,,,2d6506e5-83a7-4876-99eb-8e3258ee7243,,75988
5f056710dc89b7165c352537,5dabf385-87b0-459f-9361-535054d3c00b,,a9b2ee4d-998f-4929-b667-bf58998f088b,3/14/2016 0:00,6fdeee1b-4bab-4155-95a9-005b5669eeae,d67c6bda-49aa-4db9-a2c0-69d884506392,,,,db18a177-006e-4caa-a9ef-77fcb5b7dae2,,,E_APPROVED,,,,,,,,,,,,,,bc59c03f-8774-470f-90de-91c899280f1e,,39702
5f056710dc89b7165c352538,911b6dea-f8f1-45cc-a778-54962035ac19,,279804c5-23e7-40eb-880d-8f5cc1dd74c7,7/17/2020 0:00,ac55f1cc-3150-4243-9860-5ff2c9de406d,d67c6bda-49aa-4db9-a2c0-69d884506392,,,,288b85f4-9d04-4442-97a8-117519e72d0b,,b0f28250-df01-46d4-88a8-9b0da8d8e89d,E_APPROVED,,,Công nhân,,,Payroll TGN4,,,Công nhân mài quần bò (Kỹ thuật khô),,,,ac55f1cc-3150-4243-9860-5ff2c9de406d,e00f018c-3221-4790-a4c4-d9f2255b50d0,,107544
5f056710dc89b7165c352539,6cfdf921-26f8-432a-9490-56816ca81f00,,cce57f8f-53df-4e6b-ac1c-a1d85c0c0320,9/25/2012 0:00,cf01ad24-6fa0-425e-adca-004b367eec31,d67c6bda-49aa-4db9-a2c0-69d884506392,,,,db18a177-006e-4caa-a9ef-77fcb5b7dae2,,1a58745e-0d1c-4bbb-b3e3-3e0b62f3223e,E_APPROVED,,,,,,,,,,,,,,2a296a88-4d21-422e-94aa-d91aa6553156,0ad27857-c499-4ec6-a779-4f74d6298209,12768
5f056710dc89b7165c35253a,d3e822e0-312d-4b94-bf92-582a1da779c6,,5ce57a95-8300-42ff-9cfd-e80700e079e5,2/6/2020 0:00,85b54972-10dc-4660-a518-00b6b840020a,d67c6bda-49aa-4db9-a2c0-69d884506392,,,,5bb552bd-f00c-4784-89e2-5f552bf7a540,,15d35f43-96a6-4b55-866b-c86832a34d9f,E_APPROVED,,,Công nhân,,,Payroll TGN123,,,Công nhân mài quần bò (Lấy dấu),,,,85b54972-10dc-4660-a518-00b6b840020a,ca996696-1290-46bc-a4bb-c74b26ae56bd,,95566
5f056710dc89b7165c35253b,7506d95f-f1f0-4a26-aec7-5a592d5c0563,,5f027805-1c75-46fb-a5de-f71a64b646a4,2/6/2017 0:00,6fdeee1b-4bab-4155-95a9-005b5669eeae,d67c6bda-49aa-4db9-a2c0-69d884506392,,,,db18a177-006e-4caa-a9ef-77fcb5b7dae2,,45ef72c6-d285-4aea-83bd-8139c21623b0,E_APPROVED,,,,,,,,,,,,,,bc59c03f-8774-470f-90de-91c899280f1e,,46791
5f056710dc89b7165c35253c,8e1365b4-3db7-4e5c-a5ca-5d32817b2db9,,4c36d560-0a48-405b-a1ff-a86744c2d24b,9/12/2016 0:00,6fdeee1b-4bab-4155-95a9-005b5669eeae,d67c6bda-49aa-4db9-a2c0-69d884506392,,,,db18a177-006e-4caa-a9ef-77fcb5b7dae2,,45ef72c6-d285-4aea-83bd-8139c21623b0,E_APPROVED,,,,,,,,,,,,,,bc59c03f-8774-470f-90de-91c899280f1e,,44150
5f056710dc89b7165c35253d,1657919c-fea4-421a-8bcd-5def00084a2a,,8c401a0f-393e-4683-9a5b-5130c053b473,2/15/2019 0:00,36c2f61f-307c-4a51-a150-0022d957f0d3,d67c6bda-49aa-4db9-a2c0-69d884506392,,,,,,1a58745e-0d1c-4bbb-b3e3-3e0b62f3223e,E_APPROVED,,,,,,,,,,,,,,2d6506e5-83a7-4876-99eb-8e3258ee7243,,75346
5f056710dc89b7165c35253e,2b51a346-c250-4624-ba79-5dfb449db6a7,,83dd3e4c-b0c9-4fc5-acc7-fb8ae111745f,6/27/2016 0:00,cf01ad24-6fa0-425e-adca-004b367eec31,d67c6bda-49aa-4db9-a2c0-69d884506392,,,044a3a4f-5556-4007-b48a-7976adec345c,db18a177-006e-4caa-a9ef-77fcb5b7dae2,,1a58745e-0d1c-4bbb-b3e3-3e0b62f3223e,E_APPROVED,,,,,,,,,,,,,,2a296a88-4d21-422e-94aa-d91aa6553156,,39880
5f056710dc89b7165c35253f,c6d591c4-f060-4b45-814f-5fce2d8cc9f3,,079e0a40-c44d-4435-9b3a-fec5e52e174e,11/6/2019 0:00,85b54972-10dc-4660-a518-00b6b840020a,d67c6bda-49aa-4db9-a2c0-69d884506392,,,,,,d503b3e6-b9c5-484e-9ace-e9e50b1463ed,E_APPROVED,,,Công nhân,,,,,,Công nhân mài quần bò (giao nhận),,,,85b54972-10dc-4660-a518-00b6b840020a,ca996696-1290-46bc-a4bb-c74b26ae56bd,,92034
5f056710dc89b7165c352540,97f64098-1d31-4d02-9b5e-60a16f43e616,,0e05d317-7938-42cb-82e7-84f3586ae12b,6/13/2020 0:00,6fdeee1b-4bab-4155-95a9-005b5669eeae,d67c6bda-49aa-4db9-a2c0-69d884506392,,,,db18a177-006e-4caa-a9ef-77fcb5b7dae2,,1a58745e-0d1c-4bbb-b3e3-3e0b62f3223e,E_APPROVED,,,Công nhân,,,Bảng lương nhân viên chính thức,,,Công nhân vận hành máy may (May công nghiệp),,,,6fdeee1b-4bab-4155-95a9-005b5669eeae,bc59c03f-8774-470f-90de-91c899280f1e,,105736
5f056710dc89b7165c352541,bf5ee15b-b712-46a5-861f-61b0024e2cf9,,ad39dadb-0597-4c21-852a-a37d69b2d5ff,2/20/2019 0:00,d1739d97-7fcf-433b-bcb9-00b023b3a35b,d67c6bda-49aa-4db9-a2c0-69d884506392,,E_DIRECT,044a3a4f-5556-4007-b48a-7976adec345c,1d101557-8951-4583-a5b8-6c24e75ebed3,,6550c8c9-76ce-48d8-9d96-7f8bc19d1a32,E_APPROVED,,,,,,,,,,,,,,25e62c81-cb1a-4273-86e0-77593daff184,,76228
5f056710dc89b7165c352542,6cdc0c19-a1aa-46fd-84a2-648d84a1de8d,,35a82e1b-adf0-4193-8cbc-39752191d98d,3/14/2016 0:00,6fdeee1b-4bab-4155-95a9-005b5669eeae,d67c6bda-49aa-4db9-a2c0-69d884506392,,,,db18a177-006e-4caa-a9ef-77fcb5b7dae2,,45ef72c6-d285-4aea-83bd-8139c21623b0,E_APPROVED,,,,,,,,,,,,,,bc59c03f-8774-470f-90de-91c899280f1e,,39997
5f056710dc89b7165c352543,c724f1f5-f271-4789-9d6f-658a7239036c,,1c1d2580-0f61-46b2-bf91-006b68bf3f80,5/16/2014 0:00,85b54972-10dc-4660-a518-00b6b840020a,d67c6bda-49aa-4db9-a2c0-69d884506392,,,044a3a4f-5556-4007-b48a-7976adec345c,db18a177-006e-4caa-a9ef-77fcb5b7dae2,Nhà máy Thời trang Phong Phú,ab0a7182-3358-40d1-b236-5d6ad0ca51fa,E_APPROVED,,Bộ phận thời trang ,Công nhân,,,,Nhà máy Thời trang Phong Phú,,"Công nhân mài, chà quần bò",,,,,ca996696-1290-46bc-a4bb-c74b26ae56bd,2abfc415-6145-4238-92d7-f1997411f7e4,14968
5f056710dc89b7165c352544,168747fb-31a8-4c66-940a-65d7a84f2f4a,,51c4f6a9-83bf-4c2e-8a3f-28b1a18be51e,2/15/2017 0:00,6fdeee1b-4bab-4155-95a9-005b5669eeae,5c542667-6e02-481b-9035-ac102ca65531,,,,db18a177-006e-4caa-a9ef-77fcb5b7dae2,,45ef72c6-d285-4aea-83bd-8139c21623b0,E_APPROVED,,,,,,,,,,,,,,bc59c03f-8774-470f-90de-91c899280f1e,,46219
5f056710dc89b7165c352545,17f36884-cfe9-491c-b1f4-679e06013596,,a863ba7a-a23e-4182-82f5-028f40122286,2/26/2018 0:00,c13d45da-1956-439b-bd84-00c54ce3fa7b,d67c6bda-49aa-4db9-a2c0-69d884506392,,,,,,b74a1743-300e-4a94-9fc2-25a1a8bce7e7,E_APPROVED,,,Công nhân,,,,,,Công nhân trải vải (May công nghiệp),,,,c13d45da-1956-439b-bd84-00c54ce3fa7b,d41f6b0e-3d5f-45ac-8146-e421e04794fe,,55930
5f056710dc89b7165c352546,f5750c46-326a-440f-b41c-6844eb1edfa1,,22796418-659c-4514-a373-b53b8b86541e,8/3/2018 0:00,6fdeee1b-4bab-4155-95a9-005b5669eeae,d67c6bda-49aa-4db9-a2c0-69d884506392,,,,,,1a58745e-0d1c-4bbb-b3e3-3e0b62f3223e,E_APPROVED,,,,,,,,,,,,,6fdeee1b-4bab-4155-95a9-005b5669eeae,bc59c03f-8774-470f-90de-91c899280f1e,,68118
5f056710dc89b7165c352547,5ccfca16-6719-4028-8ec2-6ae619f78ea9,,4feb3b58-bc90-4040-b3ec-1141ac537b8a,10/19/2017 0:00,c13d45da-1956-439b-bd84-00c54ce3fa7b,d67c6bda-49aa-4db9-a2c0-69d884506392,,,,,,dcaa7719-965b-4fea-8ead-054eb559049f,E_APPROVED,,,,,,,,,,,,,,d41f6b0e-3d5f-45ac-8146-e421e04794fe,,53939
5f056710dc89b7165c352548,29d01efa-0c92-470a-858c-6b60d7ce0cd2,,d133c2b8-6e53-41ed-9b35-b5479b727ee7,9/15/2014 0:00,d1739d97-7fcf-433b-bcb9-00b023b3a35b,d67c6bda-49aa-4db9-a2c0-69d884506392,,E_DIRECT,044a3a4f-5556-4007-b48a-7976adec345c,5bb552bd-f00c-4784-89e2-5f552bf7a540,,6550c8c9-76ce-48d8-9d96-7f8bc19d1a32,E_APPROVED,,,,,,,,,,,,,,25e62c81-cb1a-4273-86e0-77593daff184,,15747
5f056710dc89b7165c352549,40182436-fa91-4157-a2bb-6cadc1295b83,,a8b77496-b81b-42b7-b31a-c1197ab16104,6/2/2015 0:00,cf01ad24-6fa0-425e-adca-004b367eec31,d67c6bda-49aa-4db9-a2c0-69d884506392,,,044a3a4f-5556-4007-b48a-7976adec345c,db18a177-006e-4caa-a9ef-77fcb5b7dae2,,1a58745e-0d1c-4bbb-b3e3-3e0b62f3223e,E_APPROVED,,Chuyền đào tạo,Công nhân,,,,,,Công nhân vận hành máy may( May công nghiệp),,,,,2a296a88-4d21-422e-94aa-d91aa6553156,,15944
5f056710dc89b7165c35254a,699c0162-e6e6-4659-b130-6cb9b14f0e8b,,a229dc5c-00ed-4f60-81af-169222906cfe,3/2/2015 0:00,cf01ad24-6fa0-425e-adca-004b367eec31,d67c6bda-49aa-4db9-a2c0-69d884506392,,,044a3a4f-5556-4007-b48a-7976adec345c,,,1a58745e-0d1c-4bbb-b3e3-3e0b62f3223e,E_APPROVED,,Chuyền 5,Công nhân,,,,,,Công nhân vận hành máy may( May công nghiệp),,,,,2a296a88-4d21-422e-94aa-d91aa6553156,,15950
5f056710dc89b7165c35254b,afa76504-130a-4a1c-b4d7-6cca8172e1f9,,877b0a77-4a3d-4350-9198-ff3d26d393cc,6/17/2019 0:00,d1739d97-7fcf-433b-bcb9-00b023b3a35b,d67c6bda-49aa-4db9-a2c0-69d884506392,,E_DIRECT,044a3a4f-5556-4007-b48a-7976adec345c,5bb552bd-f00c-4784-89e2-5f552bf7a540,,bc18107f-bb2c-496e-b6d7-25f43f4c69b5,E_APPROVED,,,Công nhân,E_DIRECT,,Payroll TGN123,,,Công nhân kiểm tra chất lượng (Phun hóa chất),Công nhân trực tiếp sản xuất,,,d1739d97-7fcf-433b-bcb9-00b023b3a35b,25e62c81-cb1a-4273-86e0-77593daff184,,83386
5f056710dc89b7165c35254c,792a1289-3128-41d7-9713-7163fac7404a,,b002447c-62e9-4b3a-92e9-97d5acd72d84,7/17/2020 0:00,85b54972-10dc-4660-a518-00b6b840020a,d67c6bda-49aa-4db9-a2c0-69d884506392,,,,5bb552bd-f00c-4784-89e2-5f552bf7a540,,15d35f43-96a6-4b55-866b-c86832a34d9f,E_APPROVED,,WK1,Công nhân,,,Payroll TGN123,,,"Công nhân mài, chà quần bò",,,,85b54972-10dc-4660-a518-00b6b840020a,ca996696-1290-46bc-a4bb-c74b26ae56bd,,105722
5f056710dc89b7165c35254d,94123b9a-25ff-4a08-94e7-717ca9ee885f,,7c137d53-95e5-4feb-b0de-5c004d5beda6,7/23/2018 0:00,6fdeee1b-4bab-4155-95a9-005b5669eeae,d67c6bda-49aa-4db9-a2c0-69d884506392,,,,,,1a58745e-0d1c-4bbb-b3e3-3e0b62f3223e,E_APPROVED,,,,,,,,,,,,,,bc59c03f-8774-470f-90de-91c899280f1e,,67958
5f056710dc89b7165c35254e,f4d8998a-10de-4737-a8bc-7194916d039a,,13a92734-4218-403d-9caa-3a8c98ec7af5,10/10/2016 0:00,6fdeee1b-4bab-4155-95a9-005b5669eeae,d67c6bda-49aa-4db9-a2c0-69d884506392,,,,,,45ef72c6-d285-4aea-83bd-8139c21623b0,E_APPROVED,,,,,,,,,,,,,,bc59c03f-8774-470f-90de-91c899280f1e,,44755
5f056710dc89b7165c35254f,92028cdb-ec7d-4095-bf6c-73a9a909fb4d,,bd6430e5-89fc-4f81-b4bb-18cf66912aec,1/15/2014 0:00,36c2f61f-307c-4a51-a150-0022d957f0d3,d67c6bda-49aa-4db9-a2c0-69d884506392,,,044a3a4f-5556-4007-b48a-7976adec345c,db18a177-006e-4caa-a9ef-77fcb5b7dae2,,1a58745e-0d1c-4bbb-b3e3-3e0b62f3223e,E_APPROVED,,,,,,,,,,,,,,2d6506e5-83a7-4876-99eb-8e3258ee7243,0ad27857-c499-4ec6-a779-4f74d6298209,16967
5f056710dc89b7165c352550,e1602be8-401e-46d3-bd96-758be9abac35,,ecf2cb50-d054-4c6c-be82-f12003c9b379,3/7/2019 16:51,85b54972-10dc-4660-a518-00b6b840020a,746df068-4b43-4e97-99f8-6ab764b9ae2b,,,,,,d503b3e6-b9c5-484e-9ace-e9e50b1463ed,E_APPROVED,,,Nhân viên,,,,,,Công nhân mài quần bò (giao nhận),,,,85b54972-10dc-4660-a518-00b6b840020a,ca996696-1290-46bc-a4bb-c74b26ae56bd,,76690
5f056710dc89b7165c352551,0fda1de9-d087-476b-9b46-775de5e0444a,,18faf7ff-00cd-4b1e-9b40-812c57703312,7/10/2018 0:00,1560d69a-b684-4762-913d-003400f3952e,746df068-4b43-4e97-99f8-6ab764b9ae2b,,,,,,9b2088e1-7311-4cc3-bdbc-2fcd310f233c,E_APPROVED,,,,,,,,,,,,,,2d6506e5-83a7-4876-99eb-8e3258ee7243,,66552
5f056710dc89b7165c352552,81907a83-0dea-41e4-82fc-7ad82518fa93,,090ff7c3-4505-4ca6-9b76-9c520198efff,4/14/2020 0:00,6fdeee1b-4bab-4155-95a9-005b5669eeae,d67c6bda-49aa-4db9-a2c0-69d884506392,,,,,,1a58745e-0d1c-4bbb-b3e3-3e0b62f3223e,E_APPROVED,,,Công nhân,,,,,,Công nhân vận hành máy may (May công nghiệp),,,,6fdeee1b-4bab-4155-95a9-005b5669eeae,bc59c03f-8774-470f-90de-91c899280f1e,,102772
5f056710dc89b7165c352553,0c337d95-aa74-47a1-9834-7d780444fdc3,,c3a843a4-fc13-468c-a73b-e3cb94bd4e22,8/3/2016 0:00,6fdeee1b-4bab-4155-95a9-005b5669eeae,d67c6bda-49aa-4db9-a2c0-69d884506392,,,,db18a177-006e-4caa-a9ef-77fcb5b7dae2,,,E_APPROVED,,,,,,,,,,,,,,bc59c03f-8774-470f-90de-91c899280f1e,,42858
5f056710dc89b7165c352554,467a01bb-c3d1-4e4f-af68-7ed74a1c7f3e,,55a5ce1f-65de-4b2d-a521-3ea770895e7a,8/7/2017 0:00,6fdeee1b-4bab-4155-95a9-005b5669eeae,d67c6bda-49aa-4db9-a2c0-69d884506392,,,,db18a177-006e-4caa-a9ef-77fcb5b7dae2,,45ef72c6-d285-4aea-83bd-8139c21623b0,E_APPROVED,,,,,,,,,,,,,,bc59c03f-8774-470f-90de-91c899280f1e,,52210
5f056710dc89b7165c352555,462eb507-ed49-46de-9f1c-7f6f6ca0d98c,,b002447c-62e9-4b3a-92e9-97d5acd72d84,6/11/2020 0:00,85b54972-10dc-4660-a518-00b6b840020a,d67c6bda-49aa-4db9-a2c0-69d884506392,,,,5bb552bd-f00c-4784-89e2-5f552bf7a540,,15d35f43-96a6-4b55-866b-c86832a34d9f,E_APPROVED,,WK1,Công nhân,,,Payroll TGN123,,,"Công nhân mài, chà quần bò",,,,85b54972-10dc-4660-a518-00b6b840020a,ca996696-1290-46bc-a4bb-c74b26ae56bd,,105921
5f056710dc89b7165c352556,3feed434-d92f-4614-b801-80550d02ed15,,01b28a23-eed3-4204-9d2d-0e1da9568c32,5/7/2019 0:00,1560d69a-b684-4762-913d-003400f3952e,746df068-4b43-4e97-99f8-6ab764b9ae2b,,,,,,9b2088e1-7311-4cc3-bdbc-2fcd310f233c,E_APPROVED,,,Nhân viên,,,,,,Nhân viên thống kê,,,,0fa68b1a-04a8-475a-a5bf-c3865201be95,2d6506e5-83a7-4876-99eb-8e3258ee7243,0ad27857-c499-4ec6-a779-4f74d6298209,80744
5f056710dc89b7165c352557,10b3c47a-5f97-4131-94ef-836d3bb08f3b,,e164a95b-5812-456c-b8f7-1b2bc4e4d8e2,2/25/2017 0:00,1560d69a-b684-4762-913d-003400f3952e,827e9231-503a-4fe6-9126-5a93ccf24395,,E_DIRECT,044a3a4f-5556-4007-b48a-7976adec345c,,,b94f4355-f566-423c-b2e3-ae2654091c1c,E_APPROVED,,,,,,,,,,,,,,2d6506e5-83a7-4876-99eb-8e3258ee7243,,46692
5f056710dc89b7165c352558,a1825a0d-f1e8-4c34-bb27-844d7221e946,,cb4b2f3d-61a0-4d66-9b28-7751472da2d0,7/13/2018 0:00,1560d69a-b684-4762-913d-003400f3952e,746df068-4b43-4e97-99f8-6ab764b9ae2b,,,,,,9b2088e1-7311-4cc3-bdbc-2fcd310f233c,E_APPROVED,,,,,,,,,,,,,,2d6506e5-83a7-4876-99eb-8e3258ee7243,,66682
5f056710dc89b7165c352559,69fa8328-d96d-4f21-9f37-848ecab253a8,,79f2f545-fce5-46d2-b03f-4c575f39e58c,2/27/2017 0:00,36c2f61f-307c-4a51-a150-0022d957f0d3,d67c6bda-49aa-4db9-a2c0-69d884506392,,E_DIRECT,044a3a4f-5556-4007-b48a-7976adec345c,,,1a58745e-0d1c-4bbb-b3e3-3e0b62f3223e,E_APPROVED,,,,,,,,,,,,,,2d6506e5-83a7-4876-99eb-8e3258ee7243,,46771
5f056710dc89b7165c35255a,d5523bb9-7ef4-4a65-b752-86dbfdb6dc51,,0b984f02-b8d3-4908-8cda-35caef95cd75,3/20/2014 0:00,85b54972-10dc-4660-a518-00b6b840020a,d67c6bda-49aa-4db9-a2c0-69d884506392,,,044a3a4f-5556-4007-b48a-7976adec345c,db18a177-006e-4caa-a9ef-77fcb5b7dae2,Nhà máy Thời trang Phong Phú,15d35f43-96a6-4b55-866b-c86832a34d9f,E_APPROVED,,Bộ phận thời trang ,Công nhân,,,,Nhà máy Thời trang Phong Phú,,"Công nhân mài, chà quần bò",,,,,ca996696-1290-46bc-a4bb-c74b26ae56bd,2abfc415-6145-4238-92d7-f1997411f7e4,19777
5f056710dc89b7165c35255b,1d4e3dd8-3c67-4bc0-a2b7-89959f15b5b2,,b3db78ca-13c1-4a1f-aa0d-14336dbff22a,2/21/2017 0:00,0fa68b1a-04a8-475a-a5bf-c3865201be95,827e9231-503a-4fe6-9126-5a93ccf24395,,E_DIRECT,044a3a4f-5556-4007-b48a-7976adec345c,,,b94f4355-f566-423c-b2e3-ae2654091c1c,E_APPROVED,,,,,,,,,,,,,,2d6506e5-83a7-4876-99eb-8e3258ee7243,,46450
5f056710dc89b7165c35255c,1a1c352e-d96e-4417-af20-8b19964ea133,,01b28a23-eed3-4204-9d2d-0e1da9568c32,7/24/2018 0:00,0fa68b1a-04a8-475a-a5bf-c3865201be95,746df068-4b43-4e97-99f8-6ab764b9ae2b,,,,,,9b2088e1-7311-4cc3-bdbc-2fcd310f233c,E_APPROVED,,,,,,,,,,,,,,2d6506e5-83a7-4876-99eb-8e3258ee7243,,67737
5f056710dc89b7165c35255d,6a7f5743-7db7-45e5-a835-8bca825cbcb7,,9f93998c-42cf-4c17-a104-14c8d8208915,6/7/2016 0:00,6fdeee1b-4bab-4155-95a9-005b5669eeae,d67c6bda-49aa-4db9-a2c0-69d884506392,,,,db18a177-006e-4caa-a9ef-77fcb5b7dae2,,45ef72c6-d285-4aea-83bd-8139c21623b0,E_APPROVED,,,,,,,,,,,,,,bc59c03f-8774-470f-90de-91c899280f1e,,40634
5f056710dc89b7165c35255e,34e4a9fc-4918-409f-8bdf-8c9a19426ad9,,22796418-659c-4514-a373-b53b8b86541e,8/24/2018 0:00,6fdeee1b-4bab-4155-95a9-005b5669eeae,d67c6bda-49aa-4db9-a2c0-69d884506392,,,,,,1a58745e-0d1c-4bbb-b3e3-3e0b62f3223e,E_APPROVED,,,,,,,,,,,,,,bc59c03f-8774-470f-90de-91c899280f1e,,68064
5f056710dc89b7165c35255f,ab0de78c-0f10-4fdf-981b-8d270dc1666f,,5dfff5a1-7236-4b74-b693-ba1f0d29dd60,10/8/2019 0:00,6fdeee1b-4bab-4155-95a9-005b5669eeae,d67c6bda-49aa-4db9-a2c0-69d884506392,,,,,,1a58745e-0d1c-4bbb-b3e3-3e0b62f3223e,E_APPROVED,,,Công nhân,,,,,,Công nhân vận hành máy may (May công nghiệp),,,,6fdeee1b-4bab-4155-95a9-005b5669eeae,bc59c03f-8774-470f-90de-91c899280f1e,,90552
5f056710dc89b7165c352560,83ea30ca-2742-4968-81b2-8d3513a07328,,51ccf103-8dca-4e1d-94d5-ea457ce4781f,6/8/2018 0:00,1560d69a-b684-4762-913d-003400f3952e,d67c6bda-49aa-4db9-a2c0-69d884506392,,E_DIRECT,044a3a4f-5556-4007-b48a-7976adec345c,,,9099319c-3ca4-46e3-a398-5abc80cda143,E_APPROVED,,,,,,,,,,,,,,2d6506e5-83a7-4876-99eb-8e3258ee7243,,62751
5f056710dc89b7165c352561,116153cf-f267-4a18-85e2-8e951d2d523c,,10c0fe36-c7a9-4b4f-b1f2-3b7199550fdc,6/17/2020 0:00,85b54972-10dc-4660-a518-00b6b840020a,d67c6bda-49aa-4db9-a2c0-69d884506392,,,,,,15d35f43-96a6-4b55-866b-c86832a34d9f,E_APPROVED,,,,,,,,,,,,,,ca996696-1290-46bc-a4bb-c74b26ae56bd,,107006
5f056710dc89b7165c352562,5e980e1b-d463-422f-bd10-8f7a445cd555,,0e05d317-7938-42cb-82e7-84f3586ae12b,7/17/2019 0:00,6fdeee1b-4bab-4155-95a9-005b5669eeae,d67c6bda-49aa-4db9-a2c0-69d884506392,,,,db18a177-006e-4caa-a9ef-77fcb5b7dae2,,1a58745e-0d1c-4bbb-b3e3-3e0b62f3223e,E_APPROVED,,,Công nhân,,,Bảng lương nhân viên chính thức,,,Công nhân vận hành máy may (May công nghiệp),,,,6fdeee1b-4bab-4155-95a9-005b5669eeae,bc59c03f-8774-470f-90de-91c899280f1e,,86012
5f056710dc89b7165c352563,6585e8ef-9af4-4e22-8356-8fee636e91d3,,69ea16cd-8b85-4cca-ab60-b8d88c816cf3,7/18/2016 0:00,cf01ad24-6fa0-425e-adca-004b367eec31,d67c6bda-49aa-4db9-a2c0-69d884506392,,,044a3a4f-5556-4007-b48a-7976adec345c,db18a177-006e-4caa-a9ef-77fcb5b7dae2,,1a58745e-0d1c-4bbb-b3e3-3e0b62f3223e,E_APPROVED,,,,,,,,,,,,,,2a296a88-4d21-422e-94aa-d91aa6553156,,40715
5f056710dc89b7165c352564,2550460b-4fd5-4adc-b74b-904c94991cd4,,389e5bb9-c539-4939-ac4b-196ad137bb57,3/4/2020 0:00,6fdeee1b-4bab-4155-95a9-005b5669eeae,d67c6bda-49aa-4db9-a2c0-69d884506392,,,,db18a177-006e-4caa-a9ef-77fcb5b7dae2,,45ef72c6-d285-4aea-83bd-8139c21623b0,E_APPROVED,,,,,,,,,,,,,,bc59c03f-8774-470f-90de-91c899280f1e,,99127
5f056710dc89b7165c352565,1f7abe66-cd91-4d67-9880-90bdfb6f254a,,0e05d317-7938-42cb-82e7-84f3586ae12b,7/1/2019 0:00,6fdeee1b-4bab-4155-95a9-005b5669eeae,d67c6bda-49aa-4db9-a2c0-69d884506392,,,,db18a177-006e-4caa-a9ef-77fcb5b7dae2,,1a58745e-0d1c-4bbb-b3e3-3e0b62f3223e,E_APPROVED,,,Công nhân,,,Bảng lương nhân viên chính thức,,,Công nhân vận hành máy may (May công nghiệp),,,,6fdeee1b-4bab-4155-95a9-005b5669eeae,bc59c03f-8774-470f-90de-91c899280f1e,,84978
5f056710dc89b7165c352566,dd6feba7-f01d-4317-81b6-91016fc1ad3f,,c68a1586-680b-4dae-94f5-e43c11309208,2/17/2016 0:00,cf01ad24-6fa0-425e-adca-004b367eec31,d67c6bda-49aa-4db9-a2c0-69d884506392,,,044a3a4f-5556-4007-b48a-7976adec345c,db18a177-006e-4caa-a9ef-77fcb5b7dae2,,1a58745e-0d1c-4bbb-b3e3-3e0b62f3223e,E_APPROVED,,,,,,,,,,,,,,2a296a88-4d21-422e-94aa-d91aa6553156,,21178
5f056710dc89b7165c352567,c2e01ae1-dce4-480b-968d-92f9aebd0637,,d25cf552-3bf2-4c93-9620-000acb4ff268,10/26/2017 0:00,c13d45da-1956-439b-bd84-00c54ce3fa7b,,,,,,,c29e3fff-fb13-43d7-a82e-039548918c09,E_APPROVED,,,,,,,,,,,,,,d41f6b0e-3d5f-45ac-8146-e421e04794fe,,54131
5f056710dc89b7165c352568,0bfc2693-43bb-4bbc-8794-9480b53fc23f,,982906b7-efd1-4953-a9e5-4a352a422fc0,7/31/2018 0:00,6fdeee1b-4bab-4155-95a9-005b5669eeae,d67c6bda-49aa-4db9-a2c0-69d884506392,,,,,,1a58745e-0d1c-4bbb-b3e3-3e0b62f3223e,E_APPROVED,,,,,,,,,,,,,,bc59c03f-8774-470f-90de-91c899280f1e,,68169
5f056710dc89b7165c352569,1085a266-d647-4ca4-840f-96087afc13e3,,8659f8e4-0bd7-45ea-9b2f-ac790bcf4dd8,9/22/2016 0:00,d1739d97-7fcf-433b-bcb9-00b023b3a35b,d67c6bda-49aa-4db9-a2c0-69d884506392,,E_DIRECT,044a3a4f-5556-4007-b48a-7976adec345c,1d101557-8951-4583-a5b8-6c24e75ebed3,,6550c8c9-76ce-48d8-9d96-7f8bc19d1a32,E_APPROVED,,,,,,,,,,,,,,25e62c81-cb1a-4273-86e0-77593daff184,,44154
5f056710dc89b7165c35256a,0091b7ee-7ccf-48a3-9691-9674d509bfc4,,4a6054ae-f34d-4548-8395-e08ac070d68f,4/13/2017 0:00,cf01ad24-6fa0-425e-adca-004b367eec31,d67c6bda-49aa-4db9-a2c0-69d884506392,,E_DIRECT,044a3a4f-5556-4007-b48a-7976adec345c,,,1a58745e-0d1c-4bbb-b3e3-3e0b62f3223e,E_APPROVED,,,,,,,,,,,,,,2a296a88-4d21-422e-94aa-d91aa6553156,,48372
5f056710dc89b7165c35256b,30fb42d1-c7a7-41a0-91db-978c2c2bbfc8,,5c638812-3a22-4c92-a456-7111a2aa7f7a,3/19/2020 0:00,1560d69a-b684-4762-913d-003400f3952e,746df068-4b43-4e97-99f8-6ab764b9ae2b,,,,,,b94f4355-f566-423c-b2e3-ae2654091c1c,E_APPROVED,,,Nhân viên,,,,Nhà máy may xuất khẩu Phong Phú Long An,,Nhân viên cấp phát nguyên phụ liệu,,,,1560d69a-b684-4762-913d-003400f3952e,2d6506e5-83a7-4876-99eb-8e3258ee7243,0ad27857-c499-4ec6-a779-4f74d6298209,100311
5f056710dc89b7165c35256c,769c0070-8e15-4470-90fa-9a560247a7f5,,87b1f909-5cf4-45fc-8d24-9b6d7d8963fd,7/4/2017 0:00,6fdeee1b-4bab-4155-95a9-005b5669eeae,,,,,,,,E_APPROVED,,,,,,,,,,,,,,bc59c03f-8774-470f-90de-91c899280f1e,,51284
5f056710dc89b7165c35256d,11435d10-3603-4beb-862e-9a5d73ce9afd,,09abb116-376b-4ec3-a08c-1164ae4a45f6,11/29/2017 0:00,85b54972-10dc-4660-a518-00b6b840020a,d67c6bda-49aa-4db9-a2c0-69d884506392,,,,5bb552bd-f00c-4784-89e2-5f552bf7a540,,15d35f43-96a6-4b55-866b-c86832a34d9f,E_APPROVED,,,,,,,,,,,,,,ca996696-1290-46bc-a4bb-c74b26ae56bd,,54917
5f056710dc89b7165c35256e,d6c779c1-6371-410c-8a1e-9cabaa4ce4b7,,19926f50-86a1-43da-9d85-92edb728ad65,10/26/2017 0:00,85b54972-10dc-4660-a518-00b6b840020a,d67c6bda-49aa-4db9-a2c0-69d884506392,,,,5bb552bd-f00c-4784-89e2-5f552bf7a540,,ab0a7182-3358-40d1-b236-5d6ad0ca51fa,E_APPROVED,,,,,,,,,,,,,,ca996696-1290-46bc-a4bb-c74b26ae56bd,,54106
5f056710dc89b7165c35256f,b1497e13-4947-424f-9034-9cf951f8c5ec,,9d549120-55f5-4998-9abf-13c1487cde19,6/20/2017 0:00,cf01ad24-6fa0-425e-adca-004b367eec31,d67c6bda-49aa-4db9-a2c0-69d884506392,,E_DIRECT,044a3a4f-5556-4007-b48a-7976adec345c,,,1a58745e-0d1c-4bbb-b3e3-3e0b62f3223e,E_APPROVED,,,,,,,,,,,,,,2a296a88-4d21-422e-94aa-d91aa6553156,,50821
5f056710dc89b7165c352570,26f4e24b-3e5d-4a84-bae0-9d18b01bdfd5,,090ff7c3-4505-4ca6-9b76-9c520198efff,8/2/2018 0:00,6fdeee1b-4bab-4155-95a9-005b5669eeae,d67c6bda-49aa-4db9-a2c0-69d884506392,,,,,,1a58745e-0d1c-4bbb-b3e3-3e0b62f3223e,E_APPROVED,,,,,,,,,,,,,,bc59c03f-8774-470f-90de-91c899280f1e,,68440
5f056710dc89b7165c352571,d5168eb8-c7ac-4886-9597-9d9c5b632967,,0e05d317-7938-42cb-82e7-84f3586ae12b,10/10/2018 0:00,6fdeee1b-4bab-4155-95a9-005b5669eeae,d67c6bda-49aa-4db9-a2c0-69d884506392,,,,db18a177-006e-4caa-a9ef-77fcb5b7dae2,,1a58745e-0d1c-4bbb-b3e3-3e0b62f3223e,E_APPROVED,,,,,,,,,,,,,,bc59c03f-8774-470f-90de-91c899280f1e,,71416
5f056710dc89b7165c352572,6fdb35d2-55e5-499c-a8f8-9df91ba798ea,,d62105e6-4292-4d54-883d-5f8eac63b658,2/21/2011 0:00,36c2f61f-307c-4a51-a150-0022d957f0d3,d67c6bda-49aa-4db9-a2c0-69d884506392,,,,db18a177-006e-4caa-a9ef-77fcb5b7dae2,,1a58745e-0d1c-4bbb-b3e3-3e0b62f3223e,E_APPROVED,,,,,,,,,,,,,,2d6506e5-83a7-4876-99eb-8e3258ee7243,0ad27857-c499-4ec6-a779-4f74d6298209,23052
5f056710dc89b7165c352573,0b21aff4-4bb2-41ab-9fc6-9e12d21aa494,,8a195831-9ec7-4f1a-99aa-dcf7878ba036,6/30/2020 0:00,85b54972-10dc-4660-a518-00b6b840020a,d67c6bda-49aa-4db9-a2c0-69d884506392,,,,,,15d35f43-96a6-4b55-866b-c86832a34d9f,E_APPROVED,,,Công nhân,,,,,,Công nhân mài quần bò (Lấy dấu),,,,85b54972-10dc-4660-a518-00b6b840020a,ca996696-1290-46bc-a4bb-c74b26ae56bd,,108157
5f056710dc89b7165c352574,a3982063-a894-4c7a-bf73-9fea627a1e57,,01f382e3-76fd-4b3d-ad5e-e2ce987cfe63,7/29/2016 0:00,36c2f61f-307c-4a51-a150-0022d957f0d3,d67c6bda-49aa-4db9-a2c0-69d884506392,,,044a3a4f-5556-4007-b48a-7976adec345c,db18a177-006e-4caa-a9ef-77fcb5b7dae2,,e19b93ea-ea6b-46fa-80b5-2a594178f59f,E_APPROVED,,,,,,,,,,,,,,2d6506e5-83a7-4876-99eb-8e3258ee7243,,40996
5f056710dc89b7165c352575,8881eb77-2706-4e75-942f-a0a36f598711,,28d65850-b777-4f47-ad30-0ab18c91d601,4/28/2016 0:00,6fdeee1b-4bab-4155-95a9-005b5669eeae,d67c6bda-49aa-4db9-a2c0-69d884506392,,,,db18a177-006e-4caa-a9ef-77fcb5b7dae2,,,E_APPROVED,,,,,,,,,,,,,,bc59c03f-8774-470f-90de-91c899280f1e,,41006
5f056710dc89b7165c352576,1d5ddb65-9c21-4db7-8ac3-a2717eb0c0e0,,b80a3a56-9e70-4ca9-857d-d2d4c6eee1d4,12/24/2018 0:00,6fdeee1b-4bab-4155-95a9-005b5669eeae,d67c6bda-49aa-4db9-a2c0-69d884506392,,,,,,45ef72c6-d285-4aea-83bd-8139c21623b0,E_APPROVED,,,,,,,,,,,,,,bc59c03f-8774-470f-90de-91c899280f1e,,74641
5f056710dc89b7165c352577,37f11dd8-cb13-423d-8150-a27858635b85,,c8f73744-e412-49d5-8882-9b4c8c3ff05a,9/8/2017 0:00,6fdeee1b-4bab-4155-95a9-005b5669eeae,d67c6bda-49aa-4db9-a2c0-69d884506392,,,,db18a177-006e-4caa-a9ef-77fcb5b7dae2,,1a58745e-0d1c-4bbb-b3e3-3e0b62f3223e,E_APPROVED,,,,,,,,,,,,,,bc59c03f-8774-470f-90de-91c899280f1e,,53081
5f056710dc89b7165c352578,3672e87b-f149-4b1c-984c-a2b304a05d4e,,a863ba7a-a23e-4182-82f5-028f40122286,1/15/2018 0:00,c13d45da-1956-439b-bd84-00c54ce3fa7b,d67c6bda-49aa-4db9-a2c0-69d884506392,,,,,,b74a1743-300e-4a94-9fc2-25a1a8bce7e7,E_APPROVED,,,,,,,,,,,,,,d41f6b0e-3d5f-45ac-8146-e421e04794fe,,55672
5f056710dc89b7165c352579,aeadbbbd-e623-43e0-a913-a2bee96d39ff,,3cf14127-bb4e-4871-afc4-c1a76d9082b2,2/1/2020 0:00,85b54972-10dc-4660-a518-00b6b840020a,d67c6bda-49aa-4db9-a2c0-69d884506392,,,044a3a4f-5556-4007-b48a-7976adec345c,db18a177-006e-4caa-a9ef-77fcb5b7dae2,Nhà máy Thời trang Phong Phú,15d35f43-96a6-4b55-866b-c86832a34d9f,E_APPROVED,,Bộ phận thời trang ,Công nhân,,,Bảng lương nhân viên chính thức,Nhà máy Thời trang Phong Phú,,"Công nhân mài, chà quần bò",Công nhân trực tiếp sản xuất,,,85b54972-10dc-4660-a518-00b6b840020a,ca996696-1290-46bc-a4bb-c74b26ae56bd,2abfc415-6145-4238-92d7-f1997411f7e4,96330
5f056710dc89b7165c35257a,ad4432ca-c4a1-423c-ae9b-a53f12f93506,,877b0a77-4a3d-4350-9198-ff3d26d393cc,8/12/2015 0:00,d1739d97-7fcf-433b-bcb9-00b023b3a35b,d67c6bda-49aa-4db9-a2c0-69d884506392,,E_DIRECT,044a3a4f-5556-4007-b48a-7976adec345c,5bb552bd-f00c-4784-89e2-5f552bf7a540,,bc18107f-bb2c-496e-b6d7-25f43f4c69b5,E_APPROVED,,,,,,,,,,,,,,25e62c81-cb1a-4273-86e0-77593daff184,,24077
5f056710dc89b7165c35257b,a18b65b3-68e5-4b6f-8077-a80f7c04e95b,,a65af4f7-857d-43a5-8ca6-1d761127b646,11/19/2019 0:00,85b54972-10dc-4660-a518-00b6b840020a,d67c6bda-49aa-4db9-a2c0-69d884506392,,,,,,d503b3e6-b9c5-484e-9ace-e9e50b1463ed,E_APPROVED,,,,,,,,,,,,,,ca996696-1290-46bc-a4bb-c74b26ae56bd,,93837
5f056710dc89b7165c35257c,c7ea65fb-7024-4452-849d-a9d21e2e800f,,cbae13b7-0ef5-485f-99e1-2be92d420f75,6/16/2016 0:00,d1739d97-7fcf-433b-bcb9-00b023b3a35b,d67c6bda-49aa-4db9-a2c0-69d884506392,,E_DIRECT,044a3a4f-5556-4007-b48a-7976adec345c,1d101557-8951-4583-a5b8-6c24e75ebed3,,6550c8c9-76ce-48d8-9d96-7f8bc19d1a32,E_APPROVED,,,,,,,,,,,,,,25e62c81-cb1a-4273-86e0-77593daff184,,41176
5f056710dc89b7165c35257d,cae174a2-3f6f-409c-bd2d-aad91a511c92,,f6dfe9dc-c912-47a0-b043-e93da22f8784,9/22/2016 0:00,6fdeee1b-4bab-4155-95a9-005b5669eeae,d67c6bda-49aa-4db9-a2c0-69d884506392,,,,db18a177-006e-4caa-a9ef-77fcb5b7dae2,,1a58745e-0d1c-4bbb-b3e3-3e0b62f3223e,E_APPROVED,,,,,,,,,,,,,,bc59c03f-8774-470f-90de-91c899280f1e,,44169
5f056710dc89b7165c35257e,71aa2f14-cfcd-42c7-99ed-ac9ff523b892,,04640f0c-ea5d-44a8-835e-9df28d638fc0,11/7/2018 0:00,36c2f61f-307c-4a51-a150-0022d957f0d3,d67c6bda-49aa-4db9-a2c0-69d884506392,,,,,,1a58745e-0d1c-4bbb-b3e3-3e0b62f3223e,E_APPROVED,,,,,,,,,,,,,,2d6506e5-83a7-4876-99eb-8e3258ee7243,,73472
5f056710dc89b7165c35257f,11b5b1b4-4e2c-43ac-82e4-ad6ea0adf464,,85bcc305-aa6c-41e7-8d63-f0ef9aac9542,8/17/2018 0:00,ac55f1cc-3150-4243-9860-5ff2c9de406d,d67c6bda-49aa-4db9-a2c0-69d884506392,,,,5bb552bd-f00c-4784-89e2-5f552bf7a540,,b0f28250-df01-46d4-88a8-9b0da8d8e89d,E_APPROVED,,,,,,,,,,,,,,e00f018c-3221-4790-a4c4-d9f2255b50d0,,69659
5f056710dc89b7165c352580,d2ef071b-b8a0-4224-b10a-ae41e9714871,,1b284eff-a5ee-467a-9bde-95b3286c1def,10/7/2016 0:00,cf01ad24-6fa0-425e-adca-004b367eec31,d67c6bda-49aa-4db9-a2c0-69d884506392,,,044a3a4f-5556-4007-b48a-7976adec345c,db18a177-006e-4caa-a9ef-77fcb5b7dae2,,1a58745e-0d1c-4bbb-b3e3-3e0b62f3223e,E_APPROVED,,,,,,,,,,,,,,2a296a88-4d21-422e-94aa-d91aa6553156,,44620
5f056710dc89b7165c352581,b6f34e44-f440-4ff9-93f4-b188cb966332,,4f706213-1e40-4f87-bfd8-aa20b223c186,3/19/2019 0:00,85b54972-10dc-4660-a518-00b6b840020a,d67c6bda-49aa-4db9-a2c0-69d884506392,,,,,,d503b3e6-b9c5-484e-9ace-e9e50b1463ed,E_APPROVED,,,Công nhân,,,,,,Công nhân mài quần bò (giao nhận),,,,85b54972-10dc-4660-a518-00b6b840020a,ca996696-1290-46bc-a4bb-c74b26ae56bd,,77850
5f056710dc89b7165c352582,1a8a0eff-7db9-4456-a900-b1f2fbb5765c,,b964ad9b-d9db-45ca-ac33-01d311d9d9a5,6/20/2019 0:00,c13d45da-1956-439b-bd84-00c54ce3fa7b,d67c6bda-49aa-4db9-a2c0-69d884506392,,,,,,c29e3fff-fb13-43d7-a82e-039548918c09,E_APPROVED,,,,,,,,,,,,,,d41f6b0e-3d5f-45ac-8146-e421e04794fe,,83329
5f056710dc89b7165c352583,d9346dae-822a-427d-acd5-b45f304841bb,,a863ba7a-a23e-4182-82f5-028f40122286,6/8/2020 0:00,c13d45da-1956-439b-bd84-00c54ce3fa7b,d67c6bda-49aa-4db9-a2c0-69d884506392,,,,,,b74a1743-300e-4a94-9fc2-25a1a8bce7e7,E_APPROVED,,,Công nhân,,,,,,Công nhân trải vải (May công nghiệp),,,,c13d45da-1956-439b-bd84-00c54ce3fa7b,d41f6b0e-3d5f-45ac-8146-e421e04794fe,,105783
5f056710dc89b7165c352584,b823b8db-eca2-49bd-aec4-b6d79c210e83,,89934b7b-4bda-44ad-82f6-cb5fa6c81994,12/18/2017 0:00,36c2f61f-307c-4a51-a150-0022d957f0d3,d67c6bda-49aa-4db9-a2c0-69d884506392,,E_DIRECT,044a3a4f-5556-4007-b48a-7976adec345c,,,1a58745e-0d1c-4bbb-b3e3-3e0b62f3223e,E_APPROVED,,,,,,,,,,,,,,2d6506e5-83a7-4876-99eb-8e3258ee7243,,55307
5f056710dc89b7165c352585,868aa73a-2bf9-41c7-8ea2-bcf8745ed68f,,49144437-8600-4ca5-a40a-ca6779cb771b,3/17/2015 0:00,85b54972-10dc-4660-a518-00b6b840020a,d67c6bda-49aa-4db9-a2c0-69d884506392,,E_DIRECT,044a3a4f-5556-4007-b48a-7976adec345c,5bb552bd-f00c-4784-89e2-5f552bf7a540,,ab0a7182-3358-40d1-b236-5d6ad0ca51fa,E_APPROVED,,Bộ phận thời trang ,Công nhân,,,,,,"Công nhân mài, chà quần bò",,,,,ca996696-1290-46bc-a4bb-c74b26ae56bd,,27496
5f056710dc89b7165c352586,0f1b0c9e-9783-4ab5-9253-bdd45645a238,,b3db78ca-13c1-4a1f-aa0d-14336dbff22a,5/7/2019 0:00,1560d69a-b684-4762-913d-003400f3952e,827e9231-503a-4fe6-9126-5a93ccf24395,,E_DIRECT,044a3a4f-5556-4007-b48a-7976adec345c,,,b94f4355-f566-423c-b2e3-ae2654091c1c,E_APPROVED,,,Tổ phó,E_DIRECT,,,,,Nhân viên cấp phát nguyên phụ liệu,Công nhân trực tiếp sản xuất,,,0fa68b1a-04a8-475a-a5bf-c3865201be95,2d6506e5-83a7-4876-99eb-8e3258ee7243,0ad27857-c499-4ec6-a779-4f74d6298209,80743
5f056710dc89b7165c352587,ecd26a84-4971-4921-951c-bde07a314e93,,4113000a-4ee2-455a-9dbd-129782c7c14c,5/9/2018 0:00,6fdeee1b-4bab-4155-95a9-005b5669eeae,d67c6bda-49aa-4db9-a2c0-69d884506392,,,,,,1a58745e-0d1c-4bbb-b3e3-3e0b62f3223e,E_APPROVED,,,,,,,,,,,,,,bc59c03f-8774-470f-90de-91c899280f1e,,60895
5f056710dc89b7165c352588,a893894a-161e-431e-8986-bde372837a33,,72bb80b0-987c-4a3a-8132-1f7e0942c9b0,6/8/2018 0:00,1560d69a-b684-4762-913d-003400f3952e,d67c6bda-49aa-4db9-a2c0-69d884506392,,E_DIRECT,044a3a4f-5556-4007-b48a-7976adec345c,,,9099319c-3ca4-46e3-a398-5abc80cda143,E_APPROVED,,,,,,,,,,,,,,2d6506e5-83a7-4876-99eb-8e3258ee7243,,62750
5f056710dc89b7165c352589,83102e7a-74f9-4968-93ce-bf2836d49f71,,86c074e5-7fd7-4711-8827-9a7e9616cefb,8/16/2016 0:00,6fdeee1b-4bab-4155-95a9-005b5669eeae,d351e3f7-b450-49ab-b6da-aaae0f3d3382,,,,db18a177-006e-4caa-a9ef-77fcb5b7dae2,,fe3874db-c165-4392-9525-49dc5baa202e,E_APPROVED,,,,,,,,,,,,,,bc59c03f-8774-470f-90de-91c899280f1e,,41541
5f056710dc89b7165c35258a,57de162c-d38d-4c8d-9e9f-bf36adc4faf1,,6d8500d7-9534-4961-903c-206fdba5810e,10/1/2019 0:00,d1739d97-7fcf-433b-bcb9-00b023b3a35b,d67c6bda-49aa-4db9-a2c0-69d884506392,,,,,,6550c8c9-76ce-48d8-9d96-7f8bc19d1a32,E_APPROVED,,,,,,,,,,,,,,25e62c81-cb1a-4273-86e0-77593daff184,,90366
5f056710dc89b7165c35258b,22a2a229-3d27-4f73-a692-bfc3c93965a2,,2082f7fb-4984-4d65-946f-42cb63751cf9,7/2/2018 0:00,85b54972-10dc-4660-a518-00b6b840020a,d67c6bda-49aa-4db9-a2c0-69d884506392,,,,5bb552bd-f00c-4784-89e2-5f552bf7a540,,d503b3e6-b9c5-484e-9ace-e9e50b1463ed,E_APPROVED,,,,,,,,,,,,,,ca996696-1290-46bc-a4bb-c74b26ae56bd,,64189
5f056710dc89b7165c35258c,49dd9f8b-dfa1-4951-bd04-c0a43e9e6725,,1ba0c835-629e-49fd-9c78-b3eeb0cb55f3,6/28/2017 0:00,cf01ad24-6fa0-425e-adca-004b367eec31,d67c6bda-49aa-4db9-a2c0-69d884506392,,E_DIRECT,044a3a4f-5556-4007-b48a-7976adec345c,,,1a58745e-0d1c-4bbb-b3e3-3e0b62f3223e,E_APPROVED,,,,,,,,,,,,,,2a296a88-4d21-422e-94aa-d91aa6553156,,51071
5f056710dc89b7165c35258d,e9920f02-9350-4ef1-b1fd-cb5c2e1f3a03,,2752a2a3-9db8-4b86-947e-dc22a27e6ed0,5/10/2017 0:00,85b54972-10dc-4660-a518-00b6b840020a,d67c6bda-49aa-4db9-a2c0-69d884506392,,,,5bb552bd-f00c-4784-89e2-5f552bf7a540,,15d35f43-96a6-4b55-866b-c86832a34d9f,E_APPROVED,,,,,,,,,,,,,,ca996696-1290-46bc-a4bb-c74b26ae56bd,,49835
5f056710dc89b7165c35258e,668cd9cc-3012-415d-895b-cc23f25ee1d6,,a957cd5e-26c8-4ad8-abb9-396058145ab9,3/21/2018 0:00,1560d69a-b684-4762-913d-003400f3952e,24f49b40-39bd-4215-ab73-7af3b3c4b17e,,,,,,0d26fd93-9129-4319-8b0f-8528afb02594,E_APPROVED,,,,,,,,,,,,,,2d6506e5-83a7-4876-99eb-8e3258ee7243,,57717
5f056710dc89b7165c35258f,9a9be5b2-b2bd-41df-b47a-ccde1120b29b,,868058f5-414d-4738-91a8-74de77aeab72,5/2/2019 0:00,d1739d97-7fcf-433b-bcb9-00b023b3a35b,d67c6bda-49aa-4db9-a2c0-69d884506392,,E_DIRECT,044a3a4f-5556-4007-b48a-7976adec345c,,,6550c8c9-76ce-48d8-9d96-7f8bc19d1a32,E_APPROVED,,,,,,,,,,,,,,25e62c81-cb1a-4273-86e0-77593daff184,,80292
5f056710dc89b7165c352590,3e2d6015-e194-4220-a3b6-cd8b59f14087,,3a4441c9-56f6-45fc-9841-dbad47fb018d,5/17/1990 0:00,85b54972-10dc-4660-a518-00b6b840020a,d67c6bda-49aa-4db9-a2c0-69d884506392,,,,,,d503b3e6-b9c5-484e-9ace-e9e50b1463ed,E_APPROVED,,,,,,,,,,,,,,ca996696-1290-46bc-a4bb-c74b26ae56bd,,77726
5f056710dc89b7165c352591,433ed5c0-de85-4e2b-8a1c-ce4d50c12f0b,,9c5b03a6-9d7f-4c38-8f8e-625000d84ebb,8/3/2017 0:00,6fdeee1b-4bab-4155-95a9-005b5669eeae,d67c6bda-49aa-4db9-a2c0-69d884506392,,,,,,45ef72c6-d285-4aea-83bd-8139c21623b0,E_APPROVED,,,,,,,,,,,,,,bc59c03f-8774-470f-90de-91c899280f1e,,52152
5f056710dc89b7165c352592,7a61fa8a-ac9a-4278-93da-ceb2a0b820c4,,35019376-cb0b-4bb9-b5c8-714b6122b2ba,12/19/2018 0:00,6fdeee1b-4bab-4155-95a9-005b5669eeae,d67c6bda-49aa-4db9-a2c0-69d884506392,,,,,,45ef72c6-d285-4aea-83bd-8139c21623b0,E_APPROVED,,,,,,,,,,,,,,bc59c03f-8774-470f-90de-91c899280f1e,,74571
5f056710dc89b7165c352593,0597805a-f22b-434a-a52d-cecf238cec51,,04b24710-5d39-4384-99e0-38dcab49a42a,6/18/2019 0:00,85b54972-10dc-4660-a518-00b6b840020a,d67c6bda-49aa-4db9-a2c0-69d884506392,,,,,,15d35f43-96a6-4b55-866b-c86832a34d9f,E_APPROVED,,,,,,,,,,,,,,ca996696-1290-46bc-a4bb-c74b26ae56bd,,83191
5f056710dc89b7165c352594,74026466-b0be-4dc7-934e-d318f8b17d61,,e8bc27d1-e745-41c6-a966-06479cfe3107,4/2/2019 0:00,6fdeee1b-4bab-4155-95a9-005b5669eeae,d67c6bda-49aa-4db9-a2c0-69d884506392,,,,db18a177-006e-4caa-a9ef-77fcb5b7dae2,,45ef72c6-d285-4aea-83bd-8139c21623b0,E_APPROVED,,,,,,,,,,,,,,bc59c03f-8774-470f-90de-91c899280f1e,,78280
5f056710dc89b7165c352595,ea2d4cc4-c68e-4762-be85-d3fc583c4b80,,5dfff5a1-7236-4b74-b693-ba1f0d29dd60,8/13/2018 0:00,6fdeee1b-4bab-4155-95a9-005b5669eeae,d67c6bda-49aa-4db9-a2c0-69d884506392,,,,,,1a58745e-0d1c-4bbb-b3e3-3e0b62f3223e,E_APPROVED,,,,,,,,,,,,,,bc59c03f-8774-470f-90de-91c899280f1e,,69674
5f056710dc89b7165c352596,2dfb94ae-ebb0-4252-97cb-d7f8a019d666,,5ce57a95-8300-42ff-9cfd-e80700e079e5,6/5/2018 0:00,85b54972-10dc-4660-a518-00b6b840020a,d67c6bda-49aa-4db9-a2c0-69d884506392,,,,5bb552bd-f00c-4784-89e2-5f552bf7a540,,15d35f43-96a6-4b55-866b-c86832a34d9f,E_APPROVED,,,,,,,,,,,,,,ca996696-1290-46bc-a4bb-c74b26ae56bd,,62570
5f056710dc89b7165c352597,819e5ee3-b9ab-4d80-a668-dada4c9627a6,,3cf14127-bb4e-4871-afc4-c1a76d9082b2,2/1/2020 0:00,85b54972-10dc-4660-a518-00b6b840020a,d67c6bda-49aa-4db9-a2c0-69d884506392,,,044a3a4f-5556-4007-b48a-7976adec345c,db18a177-006e-4caa-a9ef-77fcb5b7dae2,Nhà máy Thời trang Phong Phú,15d35f43-96a6-4b55-866b-c86832a34d9f,E_APPROVED,,Bộ phận thời trang ,Công nhân,,,Bảng lương nhân viên chính thức,Nhà máy Thời trang Phong Phú,,"Công nhân mài, chà quần bò",Công nhân trực tiếp sản xuất,,,85b54972-10dc-4660-a518-00b6b840020a,ca996696-1290-46bc-a4bb-c74b26ae56bd,2abfc415-6145-4238-92d7-f1997411f7e4,95567
5f056710dc89b7165c352598,c20dc54d-6383-48cc-8530-e0086ea6ab61,,b07d8492-27c8-4592-87e4-1226b4bebc9b,2/24/2018 0:00,c13d45da-1956-439b-bd84-00c54ce3fa7b,d67c6bda-49aa-4db9-a2c0-69d884506392,,,,,,b74a1743-300e-4a94-9fc2-25a1a8bce7e7,E_APPROVED,,,,,,,,,,,,,,d41f6b0e-3d5f-45ac-8146-e421e04794fe,,55919
5f056710dc89b7165c352599,1e4120af-cd44-4a4a-8d1f-e03103a43d63,,3a4441c9-56f6-45fc-9841-dbad47fb018d,10/1/2019 0:00,85b54972-10dc-4660-a518-00b6b840020a,d67c6bda-49aa-4db9-a2c0-69d884506392,,,,,,d503b3e6-b9c5-484e-9ace-e9e50b1463ed,E_APPROVED,,,Công nhân,,,,,,Công nhân mài quần bò (giao nhận),,,,85b54972-10dc-4660-a518-00b6b840020a,ca996696-1290-46bc-a4bb-c74b26ae56bd,,91382
5f056710dc89b7165c35259a,340127e1-8670-41d6-853f-e96a0e72d184,,b3580e02-b5b7-4935-90d3-8af2ffdfd919,12/11/2019 0:00,85b54972-10dc-4660-a518-00b6b840020a,d67c6bda-49aa-4db9-a2c0-69d884506392,,,,,,15d35f43-96a6-4b55-866b-c86832a34d9f,E_APPROVED,,,,,,,,,,,,,,ca996696-1290-46bc-a4bb-c74b26ae56bd,,94688
5f056710dc89b7165c35259b,79a7bd74-1b4b-4b07-a89f-ecd345bc5321,,6b7c3d29-fdc6-45e3-aff4-6d66fa5ceae9,2/26/2018 0:00,36c2f61f-307c-4a51-a150-0022d957f0d3,d67c6bda-49aa-4db9-a2c0-69d884506392,,E_DIRECT,044a3a4f-5556-4007-b48a-7976adec345c,,,1a58745e-0d1c-4bbb-b3e3-3e0b62f3223e,E_APPROVED,,,,,,,,,,,,,,2d6506e5-83a7-4876-99eb-8e3258ee7243,,55958
5f056710dc89b7165c35259c,fbf4cb38-113a-4587-929e-ee9d8a28b3d8,,e355c683-a461-4fbe-b601-2001818de4ae,10/1/2013 0:00,36c2f61f-307c-4a51-a150-0022d957f0d3,d67c6bda-49aa-4db9-a2c0-69d884506392,,E_DIRECT,044a3a4f-5556-4007-b48a-7976adec345c,,,27e0bb8a-d24c-42a2-aaeb-8944d5cee2fa,E_APPROVED,,,,,,,,,,,,,,2d6506e5-83a7-4876-99eb-8e3258ee7243,,34688
5f056710dc89b7165c35259d,081f6665-95c0-4566-808d-eebb17513472,,9f93998c-42cf-4c17-a104-14c8d8208915,2/24/2020 0:00,6fdeee1b-4bab-4155-95a9-005b5669eeae,d67c6bda-49aa-4db9-a2c0-69d884506392,,,,db18a177-006e-4caa-a9ef-77fcb5b7dae2,,45ef72c6-d285-4aea-83bd-8139c21623b0,E_APPROVED,,,Công nhân,,,Bảng lương nhân viên chính thức,,,Công nhân sửa hàng (sản phẩm may mặc),,,,6fdeee1b-4bab-4155-95a9-005b5669eeae,bc59c03f-8774-470f-90de-91c899280f1e,,98087
5f056710dc89b7165c35259e,8b6e457a-ee84-4b67-970f-ef01a385872e,,18ce5ffa-b306-4fd2-a8ff-5f67fdb56554,1/8/2018 0:00,36c2f61f-307c-4a51-a150-0022d957f0d3,d67c6bda-49aa-4db9-a2c0-69d884506392,,E_DIRECT,044a3a4f-5556-4007-b48a-7976adec345c,,,1a58745e-0d1c-4bbb-b3e3-3e0b62f3223e,E_APPROVED,,,,,,,,,,,,,,2d6506e5-83a7-4876-99eb-8e3258ee7243,,55569
5f056710dc89b7165c35259f,e330f60d-f651-4dcc-b26e-f0e088d4d1df,,0e2b78a2-54b1-4f7a-ad8e-09b8aebdde84,8/1/2016 0:00,6fdeee1b-4bab-4155-95a9-005b5669eeae,d67c6bda-49aa-4db9-a2c0-69d884506392,,,,db18a177-006e-4caa-a9ef-77fcb5b7dae2,,,E_APPROVED,,,,,,,,,,,,,,bc59c03f-8774-470f-90de-91c899280f1e,,42807
5f056710dc89b7165c3525a0,cb7e3b29-d368-420f-822e-f0f989205980,,b221be0f-0a9c-4920-b189-06b6b919b1c8,4/1/2017 0:00,c13d45da-1956-439b-bd84-00c54ce3fa7b,827e9231-503a-4fe6-9126-5a93ccf24395,,,,,,c30928d9-13f7-4284-ab01-cd6388f94559,E_APPROVED,,,,,,,,,,,,,,d41f6b0e-3d5f-45ac-8146-e421e04794fe,,49642
5f056710dc89b7165c3525a1,77f79f85-4e10-4f80-9937-f1c7fa6309a8,,3cf14127-bb4e-4871-afc4-c1a76d9082b2,3/20/2014 0:00,85b54972-10dc-4660-a518-00b6b840020a,d67c6bda-49aa-4db9-a2c0-69d884506392,,,044a3a4f-5556-4007-b48a-7976adec345c,db18a177-006e-4caa-a9ef-77fcb5b7dae2,Nhà máy Thời trang Phong Phú,15d35f43-96a6-4b55-866b-c86832a34d9f,E_APPROVED,,Bộ phận thời trang ,Công nhân,,,,Nhà máy Thời trang Phong Phú,,"Công nhân mài, chà quần bò",,,,,ca996696-1290-46bc-a4bb-c74b26ae56bd,2abfc415-6145-4238-92d7-f1997411f7e4,35137
5f056710dc89b7165c3525a2,390da03a-9c4f-45d5-bf15-f23284c950c7,,e257f1a9-7a7e-4f04-ada5-df7ad5ca6b81,9/17/2016 0:00,85b54972-10dc-4660-a518-00b6b840020a,d67c6bda-49aa-4db9-a2c0-69d884506392,,,,5bb552bd-f00c-4784-89e2-5f552bf7a540,,15d35f43-96a6-4b55-866b-c86832a34d9f,E_APPROVED,,,,,,,,,,,,,,ca996696-1290-46bc-a4bb-c74b26ae56bd,,43830
5f056710dc89b7165c3525a3,f3f563f7-0e03-4291-9484-f316c2721dc4,,526367cc-8794-4a7b-b46c-0e1cd18d2fe4,11/7/2018 0:00,36c2f61f-307c-4a51-a150-0022d957f0d3,d67c6bda-49aa-4db9-a2c0-69d884506392,,,,,,cf581b06-5e33-4719-949e-4fcc355a6af5,E_APPROVED,,,,,,,,,,,,,,2d6506e5-83a7-4876-99eb-8e3258ee7243,,73474
5f056710dc89b7165c3525a4,6a7bf5ba-be1d-4854-bc02-f3d525d24ab7,,2082f7fb-4984-4d65-946f-42cb63751cf9,3/23/2019 0:00,85b54972-10dc-4660-a518-00b6b840020a,d67c6bda-49aa-4db9-a2c0-69d884506392,,,,5bb552bd-f00c-4784-89e2-5f552bf7a540,,d503b3e6-b9c5-484e-9ace-e9e50b1463ed,E_APPROVED,,,,,,,,,,,,,,ca996696-1290-46bc-a4bb-c74b26ae56bd,,76272
5f056710dc89b7165c3525a5,31c1cd89-506c-4a3e-a036-f40f0f4bc67b,,aefbf90b-048e-4d39-b04a-cb87b91e56bb,2/21/2011 0:00,36c2f61f-307c-4a51-a150-0022d957f0d3,d67c6bda-49aa-4db9-a2c0-69d884506392,,,,db18a177-006e-4caa-a9ef-77fcb5b7dae2,,1a58745e-0d1c-4bbb-b3e3-3e0b62f3223e,E_APPROVED,,,,,,,,,,,,,,2d6506e5-83a7-4876-99eb-8e3258ee7243,0ad27857-c499-4ec6-a779-4f74d6298209,35487
5f056710dc89b7165c3525a6,6b9910cf-4460-4c28-9123-f4d21c467bf2,,a13f91d6-7d04-49ac-a868-0bfbde70b85a,2/19/2019 0:00,36c2f61f-307c-4a51-a150-0022d957f0d3,d67c6bda-49aa-4db9-a2c0-69d884506392,,,,,,1a58745e-0d1c-4bbb-b3e3-3e0b62f3223e,E_APPROVED,,,,,,,,,,,,,,2d6506e5-83a7-4876-99eb-8e3258ee7243,,75555
5f056710dc89b7165c3525a7,7c1b89d3-e95e-4cb8-87b9-f4f4591208e5,,121e4158-9ef4-4e13-ba92-75245c10abd3,10/1/2017 0:00,d1739d97-7fcf-433b-bcb9-00b023b3a35b,d67c6bda-49aa-4db9-a2c0-69d884506392,,E_DIRECT,044a3a4f-5556-4007-b48a-7976adec345c,5bb552bd-f00c-4784-89e2-5f552bf7a540,,6550c8c9-76ce-48d8-9d96-7f8bc19d1a32,E_APPROVED,,,Công nhân,E_DIRECT,,Payroll TGN123,,,"Công nhân mài, chà quần bò",Công nhân trực tiếp sản xuất,,,43ecc2a0-c111-4467-b1a0-9f434d9111ca,25e62c81-cb1a-4273-86e0-77593daff184,,54208
5f056710dc89b7165c3525a8,fa0b85e4-a6da-45e0-a95f-f5139e6fa23e,,5ce57a95-8300-42ff-9cfd-e80700e079e5,2/6/2020 0:00,85b54972-10dc-4660-a518-00b6b840020a,d67c6bda-49aa-4db9-a2c0-69d884506392,,,,5bb552bd-f00c-4784-89e2-5f552bf7a540,,15d35f43-96a6-4b55-866b-c86832a34d9f,E_APPROVED,,,Công nhân,,,Payroll TGN123,,,Công nhân mài quần bò (Lấy dấu),,,,85b54972-10dc-4660-a518-00b6b840020a,ca996696-1290-46bc-a4bb-c74b26ae56bd,,96328
5f056710dc89b7165c3525a9,7c7261f2-0004-4a00-821d-f5677afdb4cb,,b221be0f-0a9c-4920-b189-06b6b919b1c8,5/15/2020 0:00,c13d45da-1956-439b-bd84-00c54ce3fa7b,827e9231-503a-4fe6-9126-5a93ccf24395,,,,,,c30928d9-13f7-4284-ab01-cd6388f94559,E_APPROVED,,,Tổ phó,,,,,,Tổ phó tổ cắt,,,,c13d45da-1956-439b-bd84-00c54ce3fa7b,d41f6b0e-3d5f-45ac-8146-e421e04794fe,,104501
5f056710dc89b7165c3525aa,9853b260-c06a-4e85-951f-f5c839fd5a4f,,a7bf23e7-2163-4c57-8ad6-fb4b19af3904,7/5/2016 0:00,6fdeee1b-4bab-4155-95a9-005b5669eeae,d67c6bda-49aa-4db9-a2c0-69d884506392,,,,db18a177-006e-4caa-a9ef-77fcb5b7dae2,,,E_APPROVED,,,,,,,,,,,,,,bc59c03f-8774-470f-90de-91c899280f1e,,42450
5f056710dc89b7165c3525ab,de51c7d7-cd61-4096-bf97-f620bbf385f1,,02974769-fa87-4c5d-b404-87726f7cc6fc,5/11/2016 0:00,cf01ad24-6fa0-425e-adca-004b367eec31,d67c6bda-49aa-4db9-a2c0-69d884506392,,,044a3a4f-5556-4007-b48a-7976adec345c,db18a177-006e-4caa-a9ef-77fcb5b7dae2,,1a58745e-0d1c-4bbb-b3e3-3e0b62f3223e,E_APPROVED,,,,,,,,,,,,,,2a296a88-4d21-422e-94aa-d91aa6553156,,35778
5f056710dc89b7165c3525ac,1077c748-0b94-4916-92ff-f6ccced4f137,,b9346edc-31a1-400a-b4cb-33184496ffc2,7/2/2018 0:00,6fdeee1b-4bab-4155-95a9-005b5669eeae,5c542667-6e02-481b-9035-ac102ca65531,,,,,,fe3874db-c165-4392-9525-49dc5baa202e,E_APPROVED,,,,,,,,,,,,,,bc59c03f-8774-470f-90de-91c899280f1e,,66603
5f056710dc89b7165c3525ad,4ccc1141-52ed-45e1-a799-f993da22a006,,b002447c-62e9-4b3a-92e9-97d5acd72d84,3/14/2016 0:00,85b54972-10dc-4660-a518-00b6b840020a,d67c6bda-49aa-4db9-a2c0-69d884506392,,,,5bb552bd-f00c-4784-89e2-5f552bf7a540,,15d35f43-96a6-4b55-866b-c86832a34d9f,E_APPROVED,,WK1,Công nhân,,,,,,"Công nhân mài, chà quần bò",,,,,ca996696-1290-46bc-a4bb-c74b26ae56bd,,36249
5f056710dc89b7165c3525ae,674ef1b8-059c-424d-b1e1-fa639230faca,,f464e9fb-80a7-41d8-8670-a7b48b7774c9,4/3/2017 0:00,6fdeee1b-4bab-4155-95a9-005b5669eeae,,,,,,,,E_APPROVED,,,,,,,,,,,,,,bc59c03f-8774-470f-90de-91c899280f1e,,48042
5f056710dc89b7165c3525af,8f8e96e6-babb-40a2-bc3e-facbee8e33d0,,75dac46b-c8a5-4ae3-8765-47ddfe864aa3,9/12/2018 0:00,6fdeee1b-4bab-4155-95a9-005b5669eeae,d67c6bda-49aa-4db9-a2c0-69d884506392,,,,,,1a58745e-0d1c-4bbb-b3e3-3e0b62f3223e,E_APPROVED,,,,,,,,,,,,,,bc59c03f-8774-470f-90de-91c899280f1e,,70578
5f056710dc89b7165c3525b0,e60496cd-ee20-43b9-beca-fad65244a92a,,279804c5-23e7-40eb-880d-8f5cc1dd74c7,7/18/2018 0:00,ac55f1cc-3150-4243-9860-5ff2c9de406d,d67c6bda-49aa-4db9-a2c0-69d884506392,,,,288b85f4-9d04-4442-97a8-117519e72d0b,,b0f28250-df01-46d4-88a8-9b0da8d8e89d,E_APPROVED,,,,,,,,,,,,,,e00f018c-3221-4790-a4c4-d9f2255b50d0,,66931
5f056710dc89b7165c3525b1,e167dae4-944b-47ea-8b48-fadf1b7e7b2f,,ca3811fc-d003-43ec-85c4-0f7442b3fdd1,2/17/2011 0:00,1560d69a-b684-4762-913d-003400f3952e,101573be-596b-4ba9-8002-76dc998a7249,,,,,Nhà máy may xuất khẩu Phong Phú Long An,49b4efc4-e8c7-498b-9b2d-be677b757f8c,E_APPROVED,,Chuyền 11,Tổ trưởng/ chuyền trưởng,,,,Nhà máy may xuất khẩu Phong Phú Long An,,Tổ trưởng chuyền may( May công nghiêp),,,,,2d6506e5-83a7-4876-99eb-8e3258ee7243,,36433
